Workbook

Sheet Instructions
B2: Instructions
B3: 1) See Attachment XX, Evaluation Criteria, for detailed information and instructions
B4: 2) Offerors only fill in the yellow shaded blocks in this workbook
B5: 3) Offerors shall not modify or make any changes toother cells within the spreadsheet, including content, formulae, format.

Sheet Column Explanation
B2: General (Top section), Education, Exercise, Intelligence Tabs
B3: Column | C3: Column Title | D3: Explanation
B4: B | C4: Section L Reference | D4: Points to the section in the solicitation that corresponds to the Category/Criterion described in that row
B5: C | C5: Category / Criterion | D5: Summarized description of the scoring category/criterion. Detailed instructions are provided in the Sect. L reference show in Column B
B6: D | C6: # of Work Samples | D6: Total number of work samples that can be used as evidence for this category / criterion
B7: E | C7: Work Sample Tier | D7: The Tier of Work Sample that is allowed for this category / criterion
B8: F | C8: Single Point in Time | D8: Enter the "Single Point In Time" for this category. OFFERORS FILL IN THIS INFORMATION
B9: G | C9: Maximum Count | D9: The highest allowable count an Offeror can enter. These max values are selected either because a higher number is not mathematically possible (for example, retention cannot be higher than 100%), or a higher number is not relevant to the requirement. For example, it doesn't matter if your largest work sample includes MORE than 50 positions, but the Government DOES want to know that your management experience includes oversight of a contracts/task order UP TO that size, comparable to the anticipated requirement, with growth
B10: H | C10: Offeror's Count | D10: Offeror's score for each category / criterion, in accordance with corresponding description and instructions in Sect. L. OFFERORS FILL IN THIS INFORMATION
B11: I | C11: Weight Factor | D11: Weight factor assigned to this category / criterion
B12: J | C12: Max Possible Points | D12: The maximum possible score an Offeror can receive in each category / criterion. The sum of all values in this Column is the "Total Max Possible" score an Offeror can achieve for evaluation purposes.
B13: K | C13: Offeror's Self Score | D13: Mathematically derived by multiplying Column H (Offeror's Count) by Column I (Weight Factor). This represents the Offeror's score for each category. The sum of all values in this Column is the Offeror's "Total Self Score" for this portion of the spreadsheet.
B14: L | C14: USG Count | D14: Reserved for Government Evaluator use. If the Government finds discrepancies during validation of Offeror provided counts, the Government reserves the right to reduce the score to align with validated information provided by the Offeror. See Sections L & M for further details .
B15: M | C15: USG Evaluated Score | D15: Mathematically derived by multiplying Column L (USG Count) by Column I (Weight Factor). This represents the Government's validated score for each category. The sum of all values in this Column the Offeror's "Government Evaluated Score" for this portion of the spreadsheet.
B16: K | D16: SPARE - INTENTIONALLY BLANK
B17: O to S | D17: Citation - Section/Page # -- WS-1 thru WS-5: Space allocated to the Offeror to provide "pointers" within each of their provided work samples (WS-1 thru WS-5) to enable quick reference for the Government to find and validate the Offeror's proposed score. OFFERORS FILL IN THIS INFORMATION
B19: General (CPAR Section)
B20: Column | C20: Column Title | D20: Explanation
B21: B | C21: Section L Reference | D21: Points to the section in the solicitation that corresponds to the Category/Criterion described in that row
B22: C & D | C22: Past Performance Scoring Category | D22: Summarized description of the required measurement - with further detail available in the section identified in Column B
B23: E & F | C23: Percentage of CPAR / PPQ Ratings | D23: Enter the percentage (XX.X%) of 100% for the total number of ratings against all CPARS / PPQs. OFFERORS FILL IN THIS INFORMATION
B24: G | C24: Points for Each CPAR Rating | D24: Points assigned for each CPAR Rating
B25: H & I | D25: SPARE - INTENTIONALLY BLANK
B26: J | C26: Max Possible Points | D26: Thee maximum possible score an Offeror can achieve in each category / criterion. The sum of all values in this Column is the "Total Max Possible" score an Offeror can achieve for evaluation purposes.
B27: K | C27: Offeror's Self Score | D27: Mathematically derived by multiplying Column E & F (Percentage of CPAR / PPQ Ratings) by Column G (Points for Each CPAR). This represents the Offeror's score for each category. The sum of all values in this Column the Offeror's "Total Self Score" for this portion of the spreadsheet for technical evaluation purposes.
B28: L | C28: USG % | D28: Reserved for Government Evaluator use. If the Government finds discrepancies during validation of Offeror provided %, the Government reserves the right to downgrade the % to align with validated information. See Sections L and M for further details.
B29: M | C29: USG Evaluated Score | D29: Mathematically derived by multiplying Column L (USG Count) by Column G (Points for Each CPAR). This represents the Government's validated score for each category. The sum of all values in this Column the Offeror's "USG Evaluated Score" for this portion of the spreadsheet.

Sheet Scoring Summary
A1: Special Operations Forces Global Services Delivery (SOFGSD)
A2: Solicitation Number: XXXXX-XX-X-XXXX
A4: Attachment X: Self Scoring Matrix
A6: OFFEROR NAME:
B8: Category / Pool | C8: Max Points | D8: Offeror's Score | E8: USG Evaluated Score
B9: General | C9: =General!J35 -> 12725 | D9: =General!K35 -> -250 | E9: =General!M35 -> -250
B10: Education | C10: =Education!J16 -> 10500 | D10: =Education!K16 -> 0 | E10: =Education!M16 -> 0
B11: Exercise | C11: =Exercise!J8 -> 3650 | D11: =Exercise!K8 -> 0 | E11: =Exercise!M8 -> 0
B12: Intelligence | C12: =Intelligence!J10 -> 5500 | D12: =Intelligence!K10 -> 0 | E12: =Intelligence!M10 -> 0

Sheet General
B2: Section L Reference | C2: Category / Criterion | D2: # of Work Samples | E2: Work Sample Tier | F2: Single Point in Time | G2: Maximum Count | H2: Offeror's Count | I2: Weight Factor | J2: Max Possible Points | K2: Offeror's Self Score | L2: USG Count | M2: USG Evaluated Score | O2: WS-1 | P2: WS-2 | Q2: WS-3 | R2: WS-4 | S2: WS-5
B3: L X.X.X Category 1 | C3: Total positions on a single work sample | D3: 1 | E3: Tier 1 | G3: 50 | I3: 10 | J3: =G3*I3 -> 500 | K3: =H3*I3 -> 0 | M3: =L3*I3 -> 0
B4: L X.X.X Category 2 | C4: Concurrent performance at various geographic sites | D4: All | E4: All Tiers
C5: CONUS sites (max of 5 sites, all sites within a US State count as 1 site) | G5: 25 | I5: 5 | J5: =G5*I5 -> 125 | K5: =H5*I5 -> 0 | M5: =L5*I5 -> 0
C6: OCONUS sites excluding Korea and Germany (max of 5, no more than 2 per country) | G6: 25 | I6: 10 | J6: =G6*I6 -> 250 | K6: =H6*I6 -> 0 | M6: =L6*I6 -> 0
C7: Sites in Germany and Korea (max of 5 sites total) | G7: 25 | I7: 30 | J7: =G7*I7 -> 750 | K7: =H7*I7 -> 0 | M7: =L7*I7 -> 0
B8: L X.X.X Category 3 | C8: Percentage of awarded billets (minimum of 25 billets) hired or transitioned onto a contract within 30 days of award (enter % as numerals (e.g., .64) | D8: 1 | E8: Tier 1 | G8: 100 | I8: 1 | J8: =G8*I8 -> 100 | K8: =IF(H8<0.75,0,IF(H8<0.85,75,100)) -> 0 | M8: =IF(L8<0.75,0,IF(L8<0.85,75,100)) -> 0
B9: L X.X.X Category 4 | C9: FTE Positions with TS/SCI (at a single point in time) | D9: 1 | E9: Tier 1 or Tier 3 | G9: 100 | I9: 5 | J9: =G9*I9 -> 500 | K9: =H9*I9 -> 0 | M9: =L9*I9 -> 0
B10: L X.X.X Category 5 | C10: Work Samples that contain the following 15 LCATs 1) Intelligence Analyst which includes areas such as: Identity Intelligence Exploitation, Information Operation, Counterintelligence (CI) / Human Intelligence (HUMINT), Socio-Cultural, Pattern Analysis Section (PAS), Identity Operations Manager, Signals Intelligence (SIGINT), Counter Unmanned Arial Surveillance 2) Intelligence Linguist 3) Executive Administrative Assistant 4) Logistic Analyst 5) Strategic Planner or Program Analyst 6) Role Players - LREC 7) Physical Security Manager 8) Survival, Evasion, Resistance, and Escape Training and Personnel Recovery Specialist 9) Analytical and Operational Planning SME 10) Exercise Planner or Instructor 11) Lessons Learned SME 12) Language Instructor or Developer 13) Regional and Cultural Instructor or Developer 14) Faculty and staff at the undergraduate or graduate-level (e.g., JSOU) to include such labor categories as: Instructional Systems Design (ISD), Learning Management Systems Specialist (LMS), Academic Instructors, Distance Learning Instructors, 15) Role Players - Exercise 1 point per LCAT; no more than 5 points per LCAT | D10: All | E10: All Tiers | G10: 75 | I10: 20 | J10: =G10*I10 -> 1500 | K10: =H10*I10 -> 0 | M10: =L10*I10 -> 0
B11: L X.X.X Category 6 | C11: Work Samples that cover the requirements in the SOW | D11: All | E11: All Tiers
C12: Number of non-SOF related Work Samples with demonstrated Education and Training - Curriculum Development (as referenced in SOW paragraph 5.1). | G12: 5 | I12: 100 | J12: =G12*I12 -> 500 | K12: =H12*I12 -> 0 | M12: =L12*I12 -> 0
C13: Number of SOF-related Work Samples with demonstrated Education and Training - Curriculum Development (as referenced in SOW paragraph 5.1). | G13: 5 | I13: 200 | J13: =G13*I13 -> 1000 | K13: =H13*I13 -> 0 | M13: =L13*I13 -> 0
C14: Number of non-SOF related Work Samples with demonstrated Education and Training Instruction (as referenced in SOW paragraph 5.1). | G14: 5 | I14: 100 | J14: =G14*I14 -> 500 | K14: =H14*I14 -> 0 | M14: =L14*I14 -> 0
C15: Number of SOF-related Work Samples with demonstrated Education and Training Instruction (as referenced in SOW paragraph 5.1). | G15: 5 | I15: 200 | J15: =G15*I15 -> 1000 | K15: =H15*I15 -> 0 | M15: =L15*I15 -> 0
C16: Number of non-SOF related Work Samples with demonstrated Exercise Planning (as referenced in SOW paragraph 5.1). | G16: 5 | I16: 100 | J16: =G16*I16 -> 500 | K16: =H16*I16 -> 0 | M16: =L16*I16 -> 0
C17: Number of SOF-related Work Samples with demonstrated Exercise Planning (as referenced in SOW paragraph 5.1). | G17: 5 | I17: 200 | J17: =G17*I17 -> 1000 | K17: =H17*I17 -> 0 | M17: =L17*I17 -> 0
C18: Number of non-SOF related Work Samples with demonstrated Exercise Execution (as referenced in SOW paragraph 5.1). | G18: 5 | I18: 100 | J18: =G18*I18 -> 500 | K18: =H18*I18 -> 0 | M18: =L18*I18 -> 0
C19: Number of SOF-related Work Samples with demonstrated Exercise Execution (as referenced in SOW paragraph 5.1). | G19: 5 | I19: 200 | J19: =G19*I19 -> 1000 | K19: =H19*I19 -> 0 | M19: =L19*I19 -> 0
C20: Number of non-SOF related Work Samples with demonstrated Strategic and Operational Planning or Analysis (as referenced in SOW paragraph 5.3). | G20: 5 | I20: 100 | J20: =G20*I20 -> 500 | K20: =H20*I20 -> 0 | M20: =L20*I20 -> 0
C21: Number of SOF-related Work Samples with demonstrated Strategic and Operational Planning or Analysis (as referenced in SOW paragraph 5.3). | G21: 5 | I21: 200 | J21: =G21*I21 -> 1000 | K21: =H21*I21 -> 0 | M21: =L21*I21 -> 0
C22: Number of non-SOF related Work Samples with demonstrated Intelligence Support (as referenced in SOW paragraph 5.6). | G22: 5 | I22: 100 | J22: =G22*I22 -> 500 | K22: =H22*I22 -> 0 | M22: =L22*I22 -> 0
C23: Number of SOF-related Work Samples with demonstrated Intelligence Support (as referenced in SO paragraph 5.6). | G23: 5 | I23: 200 | J23: =G23*I23 -> 1000 | K23: =H23*I23 -> 0 | M23: =L23*I23 -> 0
B24: General Scoring Categories Total | J24: =SUM(J3:J23) -> 12725 | K24: =SUM(K3:K23) -> 0 | M24: =SUM(M3:M23) -> 0
B26: Section L Reference | C26: Past Performance Scoring Category | E26: Percentage of CPAR / PPQ Ratings (Can't Exceed 100% Total) | G26: Points for Each CPAR Rating | J26: Max Possible Points | K26: Offeror's Self-Score | L26: USG %s | M26: USG Evaluated Score
B27: L X.X.X Category 7 | C27: Percentage of "exceptional" CPAR / PPQ ratings over last 5 years | E27: 0.756 | G27: 0 | J27: =G27*H27 -> 0 | K27: =IF(E27>1,1,E27)*G27 -> 0 | L27: 0.6 | M27: =IF(L27>1,1,L27)*G27 -> 0
C28: Percentage of "very good" CPAR / PPQ ratings over last 5 years | E28: 0.022 | G28: 0 | J28: =G28*H28 -> 0 | K28: =IF(E28>1,1,E28)*G28 -> 0 | L28: 0.1 | M28: =IF(L28>1,1,L28)*G28 -> 0
C29: Percentage of "satisfactory" CPAR / PPQ ratings over last 5 years | E29: 0.022 | G29: 0 | J29: =G29*H29 -> 0 | K29: =IF(E29>1,1,E29)*G29 -> 0 | L29: 0.1 | M29: =IF(L29>1,1,L29)*G29 -> 0
C30: Percentage of "marginal" CPAR / PPQ ratings over last 5 years | E30: 0.1 | G30: -500 | J30: =G30*H30 -> 0 | K30: =IF(E30>1,1,E30)*G30 -> -50 | L30: 0.15 | M30: =IF(L30>1,1,L30)*G30 -> -75
C31: Percentage of "unsatisfactory" CPAR / PPQ ratings over last 5 years | E31: 0.1 | G31: -2000 | J31: =G31*H31 -> 0 | K31: =IF(E31>1,1,E31)*G31 -> -200 | L31: 0.05 | M31: =IF(L31>1,1,L31)*G31 -> -100
B32: Check percentage for 100% | E32: =IF(SUM(E27:F31)>100,Error.Type,SUM(E27:F31)) -> 1 | I32: =#REF! -> #REF! | J32: =#REF! -> #REF! | L32: =IF(SUM(L27:L31)>100,Error.Type,SUM(L27:L31)) -> 1
B33: Past Performance Scoring Categories Total | I33: =I27 -> 0 | J33: =J27 -> 0 | K33: =IF(SUM(K27:K31)>I33,I33,SUM(K27:K31)) -> -250 | M33: =IF(SUM(M27:M31)>K33,K33,SUM(M27:M31)) -> -250
H35: Totals: | J35: =J24+J33 -> 12725 | K35: =K24+K33 -> -250 | M35: =M24+M33 -> -250

Sheet Education
B2: Section L Reference | C2: Category / Criterion | D2: # of Work Samples | E2: Work Sample Tier | F2: Single Point in Time | G2: Maximum Count | H2: Offeror's Count | I2: Weight Factor | J2: Max Possible Points | K2: Offeror's Self Score | L2: USG Count | M2: USG Evaluated Score | O2: WS-1 | P2: WS-2 | Q2: WS-3 | R2: WS-4 | S2: WS-5
B3: L X.X.X Category 1 | C3: Total Education and Training positions on a single work sample | D3: 1 | E3: Tier 1 | G3: 150 | I3: 10 | J3: =G3*I3 -> 1500 | K3: =H3*I3 -> 0 | M3: =L3*I3 -> 0
B4: L X.X.X Category 5 | C4: Work Samples that contain the following 5 LCATs 1) Role Players - LREC 2) Exercise Instructor 3) Language Instructor or Developer 4) Reginal and Cultural Instructor or Developer 5) Faculty and staff at undergraduate or graduate-level (e.g., JSOU) to include such labor categories as: Instructional Systems Design (ISD), Learning Management Systems Specialist (LMS), Academic Instructors, Distance Learning Instructors 1 point per LCAT; no more than 15 points per LCAT | D4: All | E4: All Tiers | G4: 75 | I4: 20 | J4: =G4*I4 -> 1500 | K4: =H4*I4 -> 0 | M4: =L4*I4 -> 0
B5: L X.X.X Category 6 | C5: Work Samples that cover the Education and Training requirements in the SOW | D5: All | E5: All Tiers
C6: Number of non-SOF related Work Samples with demonstrated Policy Analysis (as referenced in SOW paragraph 5.1). | G6: 5 | I6: 100 | J6: =G6*I6 -> 500 | K6: =H6*I6 -> 0 | M6: =L6*I6 -> 0
C7: Number of SOF-related Work Samples with demonstrated Policy Analysis (as referenced in SOW paragraph 5.1). | G7: 5 | I7: 200 | J7: =G7*I7 -> 1000 | K7: =H7*I7 -> 0 | M7: =L7*I7 -> 0
C8: Number of non-SOF related Work Samples with demonstrated Education and Training Instruction OCONUS (as referenced in SOW paragraph 5.1). | G8: 5 | I8: 100 | J8: =G8*I8 -> 500 | K8: =H8*I8 -> 0 | M8: =L8*I8 -> 0
C9: Number of SOF-related Work Samples with demonstrated Education and Training Instruction OCONUS (as referenced in SOW paragraph 5.1). | G9: 5 | I9: 200 | J9: =G9*I9 -> 1000 | K9: =H9*I9 -> 0 | M9: =L9*I9 -> 0
C10: Number of Work Samples with demonstrated Instruction of International Partners (as referenced in SOW paragraph 5.1). | G10: 5 | I10: 100 | J10: =G10*I10 -> 500 | K10: =H10*I10 -> 0 | M10: =L10*I10 -> 0
C11: Number of Work Samples providing Professional Military Education (e.g. undergraduate or graduate level instruction) (as referenced in SOW paragraph 5.1). | G11: 5 | I11: 200 | J11: =G11*I11 -> 1000 | K11: =H11*I11 -> 0 | M11: =L11*I11 -> 0
C12: Number of Work Samples providing concurrent Professional Military Education at multiple locations (e.g. undergraduate or graduate level instruction) (as referenced in SOW paragraph 5.1). | G12: 5 | I12: 100 | J12: =G12*I12 -> 500 | K12: =H12*I12 -> 0 | M12: =L12*I12 -> 0
C13: Number of Work Samples providing foreign language, regional expertise, or cultural training (as referenced in SOW paragraph 5.1). | G13: 5 | I13: 200 | J13: =G13*I13 -> 1000 | K13: =H13*I13 -> 0 | M13: =L13*I13 -> 0
C14: Number of Work Samples providing concurrent foreign language, regional expertise, or cultural training in multiple locations (as referenced in SOW paragraph 5.1). | G14: 5 | I14: 100 | J14: =G14*I14 -> 500 | K14: =H14*I14 -> 0 | M14: =L14*I14 -> 0
C15: Number of Work Samples providing modeling and simulation, and wargaming (as referenced in SOW paragraph 5.1). | G15: 5 | I15: 200 | J15: =G15*I15 -> 1000 | K15: =H15*I15 -> 0 | M15: =L15*I15 -> 0
B16: Education Scoring Categories Total | H16: Totals: | J16: =SUM(J3:J15) -> 10500 | K16: =SUM(K3:K15) -> 0 | M16: =SUM(M6:M15) -> 0

Sheet Exercise
B2: Section L Reference | C2: Category / Criterion | D2: # of Work Samples | E2: Work Sample Tier | F2: Single Point in Time | G2: Maximum Count | H2: Offeror's Count | I2: Weight Factor | J2: Max Possible Points | K2: Offeror's Self Score | L2: USG Count | M2: USG Evaluated Score | O2: WS-1 | P2: WS-2 | Q2: WS-3 | R2: WS-4 | S2: WS-5
B3: L X.X.X Category 1 | C3: Total Exercise Support positions on a single work sample | D3: 1 | E3: Tier 1 | G3: 150 | I3: 10 | J3: =G3*I3 -> 1500 | K3: =H3*I3 -> 0 | M3: =L3*I3 -> 0
B4: L X.X.X Category 5 | C4: Work Samples that contain the following 3 LCATs 1) Survival, Evasion, Resistance, and Escape Training and Personnel Recovery Specialist 2) Exercise Planner or Instructor 3) Role Players - Exercise 1 point per LCAT; no more than 25 points per LCAT | D4: All | E4: All Tiers | G4: 75 | I4: 20 | J4: =G4*I4 -> 1500 | K4: =H4*I4 -> 0 | M4: =L4*I4 -> 0
B5: L X.X.X Category 6 | C5: Work Samples that cover the Exercise Planning and Execution requirements in the SOW | D5: All | E5: All Tiers
C6: Number of Work Samples that provide episodic training exercise support (as referenced in SOW paragraph 5.1) | G6: 5 | I6: 100 | J6: =G6*I6 -> 500 | K6: =H6*I6 -> 0 | M6: =L6*I6 -> 0
C7: Number of exercise role players provided per Work Sample (as referenced in SOW paragraph 5.1) | G7: 150 | I7: 1 | J7: =G7*I7 -> 150 | K7: =H7*I7 -> 0 | M7: =L7*I7 -> 0
B8: Exercise Scoring Categories Total | H8: Totals: | J8: =SUM(J3:J7) -> 3650 | K8: =SUM(K3:K7) -> 0 | M8: =SUM(M6:M7) -> 0

Sheet Intelligence
B2: Section L Reference | C2: Category / Criterion | D2: # of Work Samples | E2: Work Sample Tier | F2: Single Point in Time | G2: Maximum Count | H2: Offeror's Count | I2: Weight Factor | J2: Max Possible Points | K2: Offeror's Self Score | L2: USG Count | M2: USG Evaluated Score | O2: WS-1 | P2: WS-2 | Q2: WS-3 | R2: WS-4 | S2: WS-5
B3: L X.X.X Category 1 | C3: Total Intelligence Support positions on a single work sample | D3: 1 | E3: Tier 1 | G3: 150 | I3: 10 | J3: =G3*I3 -> 1500 | K3: =H3*I3 -> 0 | M3: =L3*I3 -> 0
B4: L X.X.X Category 5 | C4: Work Samples that contain the following 3 LCATs 1) Intelligence Analyst which includes areas such as: Identity Intelligence Exploitation, Information Operation, Counterintelligence (CI) / Human Intelligence (HUMINT), Socio-Cultural, Pattern Analysis Section (PAS), Identity Operations Manager, Signals Intelligence (SIGINT), Counter Unmanned Arial Surveillance 2) Intelligence Linguist 3) Physical Security Manager 1 point per LCAT; no more than 25 points per LCAT | D4: All | E4: All Tiers | G4: 75 | I4: 20 | J4: =G4*I4 -> 1500 | K4: =H4*I4 -> 0 | M4: =L4*I4 -> 0
B5: L X.X.X Category 6 | C5: Work Samples that cover the Intelligence requirements in the SOW (as referenced in SOW 5.6) | D5: All | E5: All Tiers
C6: Number of Work Samples with Intelligence analysts | G6: 5 | I6: 100 | J6: =G6*I6 -> 500 | K6: =H6*I6 -> 0 | M6: =L6*I6 -> 0
C7: Number of Work Samples with Technical Security and Signals Countermeasure Practitioners requirements | G7: 5 | I7: 100 | J7: =G7*I7 -> 500 | K7: =H7*I7 -> 0 | M7: =L7*I7 -> 0
C8: Number of Work Samples providing XXXINT (any INT type is acceptable) in CONUS locations | G8: 5 | I8: 100 | J8: =G8*I8 -> 500 | K8: =H8*I8 -> 0 | M8: =L8*I8 -> 0
C9: Number of Work Samples providing XXXINT (any INT type is acceptable) in OCONUS locations | G9: 5 | I9: 200 | J9: =G9*I9 -> 1000 | K9: =H9*I9 -> 0 | M9: =L9*I9 -> 0
B10: Intelligence Scoring Categories Total | H10: Totals: | J10: =SUM(J3:J9) -> 5500 | K10: =SUM(K3:K9) -> 0 | M10: =SUM(M6:M9) -> 0
