Workbook
Name Common: #REF!
Name Consum: #REF!
Name EngRate: #REF!
Name GARate: #REF!
Name GrossProfit: #REF!
Name MatHandle: #REF!
Name Risk: #REF!
Name ShopRate: #REF!

Sheet Cost Format C_CLIN Summary
A1: Common Armament Tester - Fighters (CAT-F) Excel Cost Model (RFP Attachment XX)
A2: "Offeror shall enter data in yellow highlighted fields only"
A4: Solicitation Number:
A5: Enter Offeror's Business Name:
A6: Enter Offeror's CAGE code:
A8: Basic Period (12 months)
A9: CLIN | B9: Contract Type | C9: Description | D9: QTY | E9: Unit | F9: Cost | G9: COM | H9: Fee | I9: Unit Price | J9: Extended Price
A10: 0001 | B10: CPFF | C10: F-16 O-Level Handheld/Pre-load Tester Prototype design and digital development | D10: 1 | E10: LO | F10: ='Cost Format A_CLIN X001'!E68 -> 0 | G10: ='Cost Format A_CLIN X001'!E69 -> 0 | H10: ='Cost Format A_CLIN X001'!E70 -> 0 | I10: =+SUM(F10:H10) -> 0 | J10: =+D10*I10 -> 0
A11: 0002 | B11: CPFF | C11: F-15 O-Level Handheld/Pre-load Tester Prototype design and digital development | D11: 1 | E11: LO | F11: ='Cost Format A_CLIN X002'!E68 -> 0 | G11: ='Cost Format A_CLIN X002'!E69 -> 0 | H11: ='Cost Format A_CLIN X002'!E70 -> 0 | I11: =+SUM(F11:H11) -> 0 | J11: =+D11*I11 -> 0
A12: 0003 | B12: CPFF | C12: A-10 O-Level Handheld/Pre-load Tester Prototype design and digital development | D12: 1 | E12: LO | F12: ='Cost Format A_CLIN X003'!E68 -> 0 | G12: ='Cost Format A_CLIN X003'!E69 -> 0 | H12: ='Cost Format A_CLIN X003'!E70 -> 0 | I12: 0 | J12: =+D12*I12 -> 0
A13: 0004 | B13: CPFF | C13: F-16 I-Level Fault Isolation Tester design and digital development | D13: 1 | E13: LO | F13: ='Cost Format A_CLIN X004'!E68 -> 0 | G13: ='Cost Format A_CLIN X004'!E69 -> 0 | H13: ='Cost Format A_CLIN X004'!E70 -> 0 | I13: 0 | J13: =+D13*I13 -> 0
A14: 0005 | B14: CPFF | C14: F-15 I-Level Fault Isolation Tester design and digital development | D14: 1 | E14: LO | F14: ='Cost Format A_CLIN X005'!E68 -> 0 | G14: ='Cost Format A_CLIN X005'!E69 -> 0 | H14: ='Cost Format A_CLIN X005'!E70 -> 0 | I14: 0 | J14: =+D14*I14 -> 0
A15: 0006 | B15: CPFF | C15: A-10 I-Level Fault Isolation Tester design and digital development | D15: 1 | E15: LO | F15: ='Cost Format A_CLIN X006'!E68 -> 0 | G15: ='Cost Format A_CLIN X006'!E69 -> 0 | H15: ='Cost Format A_CLIN X006'!E70 -> 0 | I15: =+SUM(F15:H15) -> 0 | J15: =+D15*I15 -> 0
A16: 0007 | B16: FFP | C16: Deliver F-16 O-Level Handheld Tester Prototype | D16: 4 | E16: EA | I16: ='FFP CLINs'!D9 -> 0 | J16: =+D16*I16 -> 0
A17: 0008 | B17: FFP | C17: Deliver F-15 O-Level Handheld Tester Prototype | D17: 4 | E17: EA | I17: ='FFP CLINs'!D13 -> 0 | J17: =+D17*I17 -> 0
A18: 0009 | B18: FFP | C18: Deliver A-10 O-Level Handheld Tester Prototype | D18: 4 | E18: EA | I18: ='FFP CLINs'!D17 -> 0 | J18: =+D18*I18 -> 0
A19: 0010 | B19: FFP | C19: Deliver F-16 I-Level Fault Isolation Tester digital design | D19: 1 | E19: LO | I19: ='FFP CLINs'!D21 -> 0 | J19: =+D19*I19 -> 0
A20: 0011 | B20: FFP | C20: Deliver F-15 I-Level Fault Isolation Tester digital design | D20: 1 | E20: LO | I20: ='FFP CLINs'!D25 -> 0 | J20: =+D20*I20 -> 0
A21: 0012 | B21: FFP | C21: Deliver A-10 I-Level Fault Isolation Tester digital design | D21: 1 | E21: LO | I21: ='FFP CLINs'!D29 -> 0 | J21: =+D21*I21 -> 0
A22: 0013 | B22: FFP | C22: Program Management | D22: 1 | E22: LO | I22: ='FFP CLINs'!D33 -> 0 | J22: =+D22*I22 -> 0
A23: 0014 | B23: CPFF | C23: Design Demonstration (Labor- Not Travel) | D23: 1 | E23: LO | F23: ='Cost Format A_CLIN 1014'!E68 -> 0 | G23: ='Cost Format A_CLIN 1014'!E69 -> 0 | H23: ='Cost Format A_CLIN 1014'!E70 -> 0 | I23: =+SUM(F23:H23) -> 0 | J23: =+D23*I23 -> 0
A24: 0015 | B24: CRNF | C24: Travel | D24: 1 | E24: LO | F24: ='Cost Format A_Travel CLINs'!E25 -> 0 | G24: ='Cost Format A_Travel CLINs'!E26 -> 0 | I24: =+SUM(F24:H24) -> 0 | J24: =+D24*I24 -> 0
A25: 0016 | B25: FFP | C25: Government Data Rights | D25: 1 | E25: LO | I25: ='FFP CLINs'!D37 -> 0 | J25: =+D25*I25 -> 0
A26: 0017 | B26: NSP | C26: CDRLs (Data) | D26: 1 | E26: LO | F26: NSP
A27: Total Extended Price - Basic Period | J27: =SUM(J10:J15) -> 0
A29: Option Period I (12 months)
A30: CLIN | B30: Contract Type | C30: Description | D30: QTY | E30: Unit | F30: Cost | G30: COM | H30: Fee | I30: Unit Price | J30: Extended Price
A31: 1001 | B31: CPFF | C31: F-16 O-Level Handheld/Pre-load Tester Engineering and Manufacturing Development (EMD) | D31: 1 | E31: LO | F31: ='Cost Format A_CLIN X001'!I68 -> 0 | G31: ='Cost Format A_CLIN X001'!I69 -> 0 | H31: ='Cost Format A_CLIN X001'!I70 -> 0 | I31: =+SUM(F31:H31) -> 0 | J31: =+D31*I31 -> 0
A32: 1002 | B32: CPFF | C32: F-15 O-Level Handheld/Pre-load Tester EMD | D32: 1 | E32: LO | F32: ='Cost Format A_CLIN X002'!I68 -> 0 | G32: ='Cost Format A_CLIN X002'!I69 -> 0 | H32: ='Cost Format A_CLIN X002'!I70 -> 0 | I32: =+SUM(F32:H32) -> 0 | J32: =+D32*I32 -> 0
A33: 1003 | B33: CPFF | C33: A-10 O-Level Handheld/Pre-load Tester EMD | D33: 1 | E33: LO | F33: ='Cost Format A_CLIN X003'!I68 -> 0 | G33: ='Cost Format A_CLIN X003'!I69 -> 0 | H33: ='Cost Format A_CLIN X003'!I70 -> 0 | I33: =+SUM(F33:H33) -> 0 | J33: =+D33*I33 -> 0
A34: 1004 | B34: CPFF | C34: F-16 I-Level Fault Isolation Tester EMD | D34: 1 | E34: LO | F34: ='Cost Format A_CLIN X004'!I68 -> 0 | G34: ='Cost Format A_CLIN X004'!I69 -> 0 | H34: ='Cost Format A_CLIN X004'!I70 -> 0 | I34: =+SUM(F34:H34) -> 0 | J34: =+D34*I34 -> 0
A35: 1005 | B35: CPFF | C35: F-15 I-Level Fault Isolation Tester EMD | D35: 1 | E35: LO | F35: ='Cost Format A_CLIN X005'!I68 -> 0 | G35: ='Cost Format A_CLIN X005'!I69 -> 0 | H35: ='Cost Format A_CLIN X005'!I70 -> 0 | I35: =+SUM(F35:H35) -> 0 | J35: =+D35*I35 -> 0
A36: 1006 | B36: CPFF | C36: A-10 I-Level Fault Isolation Tester EMD | D36: 1 | E36: LO | F36: ='Cost Format A_CLIN X006'!I68 -> 0 | G36: ='Cost Format A_CLIN X006'!I69 -> 0 | H36: ='Cost Format A_CLIN X006'!I70 -> 0 | I36: =+SUM(F36:H36) -> 0 | J36: =+D36*I36 -> 0
A37: 1007 | B37: FFP | C37: F-16 O-Level Handheld/Pre-load Tester Logistical Support | D37: 1 | E37: LO | I37: ='FFP CLINs'!H9 -> 0 | J37: =+D37*I37 -> 0
A38: 1008 | B38: FFP | C38: F-16 O-Level Handheld Tester LRIP production | D38: 10 | E38: EA | I38: ='FFP CLINs'!H13 -> 0 | J38: =+D38*I38 -> 0
A39: 1009 | B39: FFP | C39: Deliver F-16 O-Level Handheld Tester Kits | D39: 83 | E39: EA | I39: ='FFP CLINs'!H17 -> 0 | J39: =+D39*I39 -> 0
A40: 1010 | B40: FFP | C40: Program Management | D40: 1 | E40: LO | I40: ='FFP CLINs'!H21 -> 0 | J40: =+D40*I40 -> 0
A41: 1011 | B41: CPFF | C41: Support Government Testing | D41: 1 | E41: LO | F41: ='Cost Format A_Gov Testing CLINs'!E68 -> 0 | G41: ='Cost Format A_Gov Testing CLINs'!E69 -> 0 | H41: ='Cost Format A_Gov Testing CLINs'!E70 -> 0 | I41: =+SUM(F41:H41) -> 0 | J41: =+D41*I41 -> 0
A42: 1012 | B42: CRNF | C42: Travel | D42: 1 | E42: LO | F42: ='Cost Format A_Travel CLINs'!I25 -> 0 | G42: ='Cost Format A_Travel CLINs'!I26 -> 0 | I42: =+SUM(F42:H42) -> 0 | J42: =+D42*I42 -> 0
A43: 1013 | B43: FFP | C43: Government Data Rights | D43: 1 | E43: LO | I43: ='FFP CLINs'!H25 -> 0 | J43: =+D43*I43 -> 0
A44: 1014 | B44: NSP | C44: CDRLs (Data) | D44: 1 | E44: LO | F44: NSP
A45: Total Extended Price - Option Period I | J45: =SUM(J31:J36) -> 0
A47: Option Period II (12 months)
A48: CLIN | B48: Contract Type | C48: Description | D48: QTY | E48: Unit | F48: Cost | G48: COM | H48: Fee | I48: Unit Price | J48: Extended Price
A49: 2001 | B49: CPIF | C49: F-15 O-Level Handheld/Pre-load Tester EMD | D49: 1 | E49: LO | F49: ='Cost Format A_CLIN X001'!O68 -> 0 | G49: ='Cost Format A_CLIN X001'!O69 -> 0 | H49: ='Cost Format A_CLIN X001'!O70 -> 0 | I49: =+SUM(F49:H49) -> 0 | J49: =+D49*I49 -> 0
A50: 2002 | B50: CPIF | C50: A-10 O-Level Handheld/Pre-load Tester EMD | D50: 1 | E50: LO | F50: ='Cost Format A_CLIN X002'!O68 -> 0 | G50: ='Cost Format A_CLIN X002'!O69 -> 0 | H50: ='Cost Format A_CLIN X002'!O70 -> 0 | I50: =+SUM(F50:H50) -> 0 | J50: =+D50*I50 -> 0
A51: 2003 | B51: CPIF | C51: F-16 I-Level Fault Isolation Tester EMD | D51: 1 | E51: LO | F51: ='Cost Format A_CLIN X003'!O68 -> 0 | G51: ='Cost Format A_CLIN X003'!O69 -> 0 | H51: ='Cost Format A_CLIN X003'!O70 -> 0 | I51: =+SUM(F51:H51) -> 0 | J51: =+D51*I51 -> 0
A52: 2004 | B52: CPIF | C52: F-15 I-Level Fault Isolation Tester EMD | D52: 1 | E52: LO | F52: ='Cost Format A_CLIN X004'!O68 -> 0 | G52: ='Cost Format A_CLIN X004'!O69 -> 0 | H52: ='Cost Format A_CLIN X004'!O70 -> 0 | I52: =+SUM(F52:H52) -> 0 | J52: =+D52*I52 -> 0
A53: 2005 | B53: CPIF | C53: A-10 I-Level Fault Isolation Tester EMD | D53: 1 | E53: LO | F53: ='Cost Format A_CLIN X005'!O68 -> 0 | G53: ='Cost Format A_CLIN X005'!O69 -> 0 | H53: ='Cost Format A_CLIN X005'!O70 -> 0 | I53: =+SUM(F53:H53) -> 0 | J53: =+D53*I53 -> 0
A54: 2006 | B54: FFP | C54: F-15 O-Level Handheld/Pre-load Tester Logistical Support | D54: 1 | E54: LO | I54: ='FFP CLINs'!L9 -> 0 | J54: =+D54*I54 -> 0
A55: 2007 | B55: FFP | C55: A-10 O-Level Handheld/Pre-load Tester Logistical Support | D55: 1 | E55: LO | I55: ='FFP CLINs'!L13 -> 0 | J55: =+D55*I55 -> 0
A56: 2008 | B56: FFP | C56: Deliver F-16 O-Level Handheld Tester Kits | D56: 210 | E56: EA | I56: ='FFP CLINs'!L17 -> 0 | J56: =+D56*I56 -> 0
A57: 2009 | B57: FFP | C57: Deliver F-15 O-Level Handheld Tester Kits (LRIP) | D57: 10 | E57: EA | I57: ='FFP CLINs'!L21 -> 0 | J57: =+D57*I57 -> 0
A58: 2010 | B58: FFP | C58: Deliver F-15 O-Level Handheld Tester Kits | D58: 162 | E58: EA | I58: ='FFP CLINs'!L25 -> 0 | J58: =+D58*I58 -> 0
A59: 2011 | B59: FFP | C59: Deliver A-10 O-Level Handheld Tester Kits (LRIP) | D59: 4 | E59: EA | I59: ='FFP CLINs'!L29 -> 0 | J59: =+D59*I59 -> 0
A60: 2012 | B60: FFP | C60: Program Management | D60: 1 | E60: LO | I60: ='FFP CLINs'!L33 -> 0 | J60: =+D60*I60 -> 0
A61: 2013 | B61: CPIF | C61: Support Government Testing | D61: 1 | E61: LO | F61: ='Cost Format A_Gov Testing CLINs'!K68 -> 0 | G61: ='Cost Format A_Gov Testing CLINs'!K69 -> 0 | H61: ='Cost Format A_Gov Testing CLINs'!K70 -> 0 | I61: =+SUM(F61:H61) -> 0 | J61: =+D61*I61 -> 0
A62: 2014 | B62: CRNF | C62: Travel | D62: 1 | E62: LO | F62: ='Cost Format A_Travel CLINs'!M25 -> 0 | G62: ='Cost Format A_Travel CLINs'!M26 -> 0 | I62: =+SUM(F62:H62) -> 0 | J62: =+D62*I62 -> 0
A63: 2015 | B63: FFP | C63: Government Data Rights | D63: 1 | E63: LO | I63: ='FFP CLINs'!L37 -> 0 | J63: =+D63*I63 -> 0
A64: 2016 | B64: NSP | C64: CDRLs (Data) | D64: 1 | E64: LO | F64: NSP
A65: Total Extended Price - Option Period II | J65: =SUM(J49:J54) -> 0
A67: Option Period III (12 months)
A68: CLIN | B68: Contract Type | C68: Description | D68: QTY | E68: Unit | F68: Cost | G68: COM | H68: Fee | I68: Unit Price | J68: Extended Price
A69: 3001 | B69: CPIF | C69: A-10 O-Level Handheld/Pre-load Tester EMD | D69: 1 | E69: LO | F69: ='Cost Format A_CLIN X001'!S68 -> 0 | G69: ='Cost Format A_CLIN X001'!S69 -> 0 | H69: ='Cost Format A_CLIN X001'!S70 -> 0 | I69: =+SUM(F69:H69) -> 0 | J69: =+D69*I69 -> 0
A70: 3002 | B70: CPIF | C70: F-16 I-Level Fault Isolation Tester EMD | D70: 1 | E70: LO | F70: ='Cost Format A_CLIN X002'!S68 -> 0 | G70: ='Cost Format A_CLIN X002'!S69 -> 0 | H70: ='Cost Format A_CLIN X002'!S70 -> 0 | I70: =+SUM(F70:H70) -> 0 | J70: =+D70*I70 -> 0
A71: 3003 | B71: CPIF | C71: F-15 I-Level Fault Isolation Tester EMD | D71: 1 | E71: LO | F71: ='Cost Format A_CLIN X003'!S68 -> 0 | G71: ='Cost Format A_CLIN X003'!S69 -> 0 | H71: ='Cost Format A_CLIN X003'!S70 -> 0 | I71: =+SUM(F71:H71) -> 0 | J71: =+D71*I71 -> 0
A72: 3004 | B72: CPIF | C72: A-10 I-Level Fault Isolation Tester EMD | D72: 1 | E72: LO | F72: ='Cost Format A_CLIN X004'!S68 -> 0 | G72: ='Cost Format A_CLIN X004'!S69 -> 0 | H72: ='Cost Format A_CLIN X004'!S70 -> 0 | I72: =+SUM(F72:H72) -> 0 | J72: =+D72*I72 -> 0
A73: 3005 | B73: FFP | C73: F-16 I-Level Fault Isolation Tester Logistical Support | D73: 1 | E73: LO | I73: ='FFP CLINs'!P9 -> 0 | J73: =+D73*I73 -> 0
A74: 3006 | B74: FFP | C74: F-15 I-Level Fault Isolation Tester Logistical Support | D74: 1 | E74: LO | I74: ='FFP CLINs'!P13 -> 0 | J74: =+D74*I74 -> 0
A75: 3007 | B75: FFP | C75: Deliver A-10 O-Level Handheld Tester Kits | D75: 64 | E75: EA | I75: ='FFP CLINs'!P17 -> 0 | J75: =+D75*I75 -> 0
A76: 3008 | B76: FFP | C76: Deliver F-16 I-Level Fault Isolation Tester Kits (LRIP) | D76: 5 | E76: EA | I76: ='FFP CLINs'!P21 -> 0 | J76: =+D76*I76 -> 0
A77: 3009 | B77: FFP | C77: Deliver F-15 I-Level Fault Isolation Tester Kits (LRIP) | D77: 5 | E77: EA | I77: ='FFP CLINs'!P25 -> 0 | J77: =+D77*I77 -> 0
A78: 3010 | B78: FFP | C78: Deliver F-16 I-Level Fault Isolation Tester Kits | D78: 138 | E78: EA | I78: ='FFP CLINs'!P29 -> 0 | J78: =+D78*I78 -> 0
A79: 3011 | B79: FFP | C79: Program Management | D79: 1 | E79: LO | I79: ='FFP CLINs'!P33 -> 0 | J79: =+D79*I79 -> 0
A80: 3012 | B80: CPIF | C80: Support Government Testing | D80: 1 | E80: LO | F80: ='Cost Format A_Gov Testing CLINs'!O68 -> 0 | G80: ='Cost Format A_Gov Testing CLINs'!O69 -> 0 | H80: ='Cost Format A_Gov Testing CLINs'!O70 -> 0 | I80: =+SUM(F80:H80) -> 0 | J80: =+D80*I80 -> 0
A81: 3013 | B81: CRNF | C81: Travel | D81: 1 | E81: LO | F81: ='Cost Format A_Travel CLINs'!Q25 -> 0 | G81: ='Cost Format A_Travel CLINs'!Q26 -> 0 | I81: =+SUM(F81:H81) -> 0 | J81: =+D81*I81 -> 0
A82: 3014 | B82: FFP | C82: Government Data Rights | D82: 1 | E82: LO | I82: ='FFP CLINs'!P37 -> 0 | J82: =+D82*I82 -> 0
A83: 3015 | B83: NSP | C83: CDRLs (Data) | D83: 1 | E83: LO | F83: NSP
A84: Total Extended Price - Option Period III | J84: =SUM(J69:J74) -> 0
A86: Option Period IV (12 months)
A87: CLIN | B87: Contract Type | C87: Description | D87: QTY | E87: Unit | F87: Cost | G87: COM | H87: Fee | I87: Unit Price | J87: Extended Price
A88: 4001 | B88: CPIF | C88: F-15 I-Level Fault Isolation Tester EMD | D88: 1 | E88: LO | F88: ='Cost Format A_CLIN X001'!W68 -> 0 | G88: ='Cost Format A_CLIN X001'!W69 -> 0 | H88: ='Cost Format A_CLIN X001'!W70 -> 0 | I88: =+SUM(F88:H88) -> 0 | J88: =+D88*I88 -> 0
A89: 4002 | B89: CPIF | C89: A-10 I-Level Fault Isolation Tester EMD | D89: 1 | E89: LO | F89: ='Cost Format A_CLIN X002'!W68 -> 0 | G89: ='Cost Format A_CLIN X002'!W69 -> 0 | H89: ='Cost Format A_CLIN X002'!W70 -> 0 | I89: =+SUM(F89:H89) -> 0 | J89: =+D89*I89 -> 0
A90: 4003 | B90: FFP | C90: A-10 I-Level Fault Isolation Tester Logistical Support | D90: 1 | E90: LO | I90: ='FFP CLINs'!T9 -> 0 | J90: =+D90*I90 -> 0
A91: 4004 | B91: FFP | C91: Deliver F-15 I-Level Fault Isolation Tester Kits | D91: 75 | E91: EA | I91: ='FFP CLINs'!T13 -> 0 | J91: =+D91*I91 -> 0
A92: 4005 | B92: FFP | C92: Deliver A-10 I-Level Fault Isolation Tester Kits (LRIP) | D92: 2 | E92: EA | I92: ='FFP CLINs'!T17 -> 0 | J92: =+D92*I92 -> 0
A93: 4006 | B93: FFP | C93: Deliver A-10 I-Level Fault Isolation Tester Kits | D93: 40 | E93: EA | I93: ='FFP CLINs'!T21 -> 0 | J93: =+D93*I93 -> 0
A94: 4007 | B94: FFP | C94: Program Management | D94: 1 | E94: LO | I94: ='FFP CLINs'!T25 -> 0 | J94: =+D94*I94 -> 0
A95: 4008 | B95: CPIF | C95: Support Government Testing | D95: 1 | E95: LO | F95: ='Cost Format A_Gov Testing CLINs'!S68 -> 0 | G95: ='Cost Format A_Gov Testing CLINs'!S69 -> 0 | H95: ='Cost Format A_Gov Testing CLINs'!S70 -> 0 | I95: =+SUM(F95:H95) -> 0 | J95: =+D95*I95 -> 0
A96: 4009 | B96: CRNF | C96: Travel | D96: 1 | E96: LO | F96: ='Cost Format A_Travel CLINs'!U25 -> 0 | G96: ='Cost Format A_Travel CLINs'!U26 -> 0 | I96: =+SUM(F96:H96) -> 0 | J96: =+D96*I96 -> 0
A97: 4010 | B97: FFP | C97: Government Data Rights | D97: 1 | E97: LO | I97: ='FFP CLINs'!T29 -> 0 | J97: =+D97*I97 -> 0
A98: 4011 | B98: NSP | C98: CDRLs (Data) | D98: 1 | E98: LO | F98: NSP
A99: Total Extended Price - Option Period IV | J99: =SUM(J88:J93) -> 0
F101: Total Proposed Price | J101: =J27+J45+J65+J84+J99 -> 0
A104: SOURCE SELECTION INFORMATION--SEE FAR 2.101 and 3.104 FOR OFFICIAL USE ONLY

Sheet FFP CLINs
B1: Notes:
B2: 1. The prime offeror shall enter a proposed unit price per CLIN in the yellow-highlighted cells below.
B3: 2. Each Firm Fixed Price shall be rounded to the nearest whole dollar.
B4: 3. The prime offeror shall ensure the cells below are linked correctly to the CLIN cells on worksheet "Cost Format C_CLIN Summary".
B6: Basic Period (12 Months) | F6: Option Period I (12 Months) | J6: Option Period II (12 Months) | N6: Option Period III (12 Months) | R6: Option Period IV (12 Months)
B7: CLIN 0007 | F7: CLIN 1007 | J7: CLIN 2006 | N7: CLIN 3005 | R7: CLIN 4003
B8: Qty | C8: Unit | D8: Proposed Unit Price | F8: Qty | G8: Unit | H8: Proposed Unit Price | J8: Qty | K8: Unit | L8: Proposed Unit Price | N8: Qty | O8: Unit | P8: Proposed Unit Price | R8: Qty | S8: Unit | T8: Proposed Unit Price
B9: ='Cost Format C_CLIN Summary'!D16 -> 4 | C9: ='Cost Format C_CLIN Summary'!E16 -> EA | F9: ='Cost Format C_CLIN Summary'!D37 -> 1 | G9: ='Cost Format C_CLIN Summary'!E37 -> LO | J9: ='Cost Format C_CLIN Summary'!D54 -> 1 | K9: ='Cost Format C_CLIN Summary'!E54 -> LO | N9: ='Cost Format C_CLIN Summary'!D73 -> 1 | O9: ='Cost Format C_CLIN Summary'!E73 -> LO | R9: ='Cost Format C_CLIN Summary'!D90 -> 1 | S9: ='Cost Format C_CLIN Summary'!E90 -> LO
B11: CLIN 0008 | F11: CLIN 1008 | J11: CLIN 2007 | N11: CLIN 3006 | R11: CLIN 4004
B12: Qty | C12: Unit | D12: Proposed Unit Price | F12: Qty | G12: Unit | H12: Proposed Unit Price | J12: Qty | K12: Unit | L12: Proposed Unit Price | N12: Qty | O12: Unit | P12: Proposed Unit Price | R12: Qty | S12: Unit | T12: Proposed Unit Price
B13: ='Cost Format C_CLIN Summary'!D17 -> 4 | C13: ='Cost Format C_CLIN Summary'!E17 -> EA | F13: ='Cost Format C_CLIN Summary'!D38 -> 10 | G13: ='Cost Format C_CLIN Summary'!E38 -> EA | J13: ='Cost Format C_CLIN Summary'!D55 -> 1 | K13: ='Cost Format C_CLIN Summary'!E55 -> LO | N13: ='Cost Format C_CLIN Summary'!D74 -> 1 | O13: ='Cost Format C_CLIN Summary'!E74 -> LO | R13: ='Cost Format C_CLIN Summary'!D91 -> 75 | S13: ='Cost Format C_CLIN Summary'!E91 -> EA
B15: CLIN 0009 | F15: CLIN 1009 | J15: CLIN 2008 | N15: CLIN 3007 | R15: CLIN 4005
B16: Qty | C16: Unit | D16: Proposed Unit Price | F16: Qty | G16: Unit | H16: Proposed Unit Price | J16: Qty | K16: Unit | L16: Proposed Unit Price | N16: Qty | O16: Unit | P16: Proposed Unit Price | R16: Qty | S16: Unit | T16: Proposed Unit Price
B17: ='Cost Format C_CLIN Summary'!D18 -> 4 | C17: ='Cost Format C_CLIN Summary'!E18 -> EA | F17: ='Cost Format C_CLIN Summary'!D39 -> 83 | G17: ='Cost Format C_CLIN Summary'!E39 -> EA | J17: ='Cost Format C_CLIN Summary'!D56 -> 210 | K17: ='Cost Format C_CLIN Summary'!E56 -> EA | N17: ='Cost Format C_CLIN Summary'!D75 -> 64 | O17: ='Cost Format C_CLIN Summary'!E75 -> EA | R17: ='Cost Format C_CLIN Summary'!D92 -> 2 | S17: ='Cost Format C_CLIN Summary'!E92 -> EA
B19: CLIN 0010 | F19: CLIN 1010 | J19: CLIN 2009 | N19: CLIN 3008 | R19: CLIN 4006
B20: Qty | C20: Unit | D20: Proposed Unit Price | F20: Qty | G20: Unit | H20: Proposed Unit Price | J20: Qty | K20: Unit | L20: Proposed Unit Price | N20: Qty | O20: Unit | P20: Proposed Unit Price | R20: Qty | S20: Unit | T20: Proposed Unit Price
B21: ='Cost Format C_CLIN Summary'!D19 -> 1 | C21: ='Cost Format C_CLIN Summary'!E19 -> LO | F21: ='Cost Format C_CLIN Summary'!D40 -> 1 | G21: ='Cost Format C_CLIN Summary'!E40 -> LO | J21: ='Cost Format C_CLIN Summary'!D57 -> 10 | K21: ='Cost Format C_CLIN Summary'!E57 -> EA | N21: ='Cost Format C_CLIN Summary'!D76 -> 5 | O21: ='Cost Format C_CLIN Summary'!E76 -> EA | R21: ='Cost Format C_CLIN Summary'!D93 -> 40 | S21: ='Cost Format C_CLIN Summary'!E93 -> EA
B23: CLIN 0011 | F23: CLIN 1013 | J23: CLIN 2010 | N23: CLIN 3009 | R23: CLIN 4007
B24: Qty | C24: Unit | D24: Proposed Unit Price | F24: Qty | G24: Unit | H24: Proposed Unit Price | J24: Qty | K24: Unit | L24: Proposed Unit Price | N24: Qty | O24: Unit | P24: Proposed Unit Price | R24: Qty | S24: Unit | T24: Proposed Unit Price
B25: ='Cost Format C_CLIN Summary'!D20 -> 1 | C25: ='Cost Format C_CLIN Summary'!E20 -> LO | F25: ='Cost Format C_CLIN Summary'!D43 -> 1 | G25: ='Cost Format C_CLIN Summary'!E43 -> LO | J25: ='Cost Format C_CLIN Summary'!D58 -> 162 | K25: ='Cost Format C_CLIN Summary'!E58 -> EA | N25: ='Cost Format C_CLIN Summary'!D77 -> 5 | O25: ='Cost Format C_CLIN Summary'!E77 -> EA | R25: ='Cost Format C_CLIN Summary'!D94 -> 1 | S25: ='Cost Format C_CLIN Summary'!E94 -> LO
B27: CLIN 0012 | J27: CLIN 2011 | N27: CLIN 3010 | R27: CLIN 4010
B28: Qty | C28: Unit | D28: Proposed Unit Price | J28: Qty | K28: Unit | L28: Proposed Unit Price | N28: Qty | O28: Unit | P28: Proposed Unit Price | R28: Qty | S28: Unit | T28: Proposed Unit Price
B29: ='Cost Format C_CLIN Summary'!D21 -> 1 | C29: ='Cost Format C_CLIN Summary'!E21 -> LO | J29: ='Cost Format C_CLIN Summary'!D59 -> 4 | K29: ='Cost Format C_CLIN Summary'!E59 -> EA | N29: ='Cost Format C_CLIN Summary'!D78 -> 138 | O29: ='Cost Format C_CLIN Summary'!E78 -> EA | R29: ='Cost Format C_CLIN Summary'!D97 -> 1 | S29: ='Cost Format C_CLIN Summary'!E97 -> LO
B31: CLIN 0013 | J31: CLIN 2012 | N31: CLIN 3011
B32: Qty | C32: Unit | D32: Proposed Unit Price | J32: Qty | K32: Unit | L32: Proposed Unit Price | N32: Qty | O32: Unit | P32: Proposed Unit Price
B33: ='Cost Format C_CLIN Summary'!D22 -> 1 | C33: ='Cost Format C_CLIN Summary'!E22 -> LO | J33: ='Cost Format C_CLIN Summary'!D60 -> 1 | K33: ='Cost Format C_CLIN Summary'!E60 -> LO | N33: ='Cost Format C_CLIN Summary'!D79 -> 1 | O33: ='Cost Format C_CLIN Summary'!E79 -> LO
B35: CLIN 0016 | J35: CLIN 2015 | N35: CLIN 3014
B36: Qty | C36: Unit | D36: Proposed Unit Price | J36: Qty | K36: Unit | L36: Proposed Unit Price | N36: Qty | O36: Unit | P36: Proposed Unit Price
B37: ='Cost Format C_CLIN Summary'!D25 -> 1 | C37: ='Cost Format C_CLIN Summary'!E25 -> LO | J37: ='Cost Format C_CLIN Summary'!D63 -> 1 | K37: ='Cost Format C_CLIN Summary'!E63 -> LO | N37: ='Cost Format C_CLIN Summary'!D82 -> 1 | O37: ='Cost Format C_CLIN Summary'!E82 -> LO

Sheet Cost Format A_CLIN X001
B1: Notes:
B2: 1. The format of this worksheet may be revised as required to be consistent with the major subcontractor's approved accounting system.
B3: 2. The Prime Offeror shall propose labor hours, material costs, and other direct costs in the yellow-highlighted cells below.
B4: 3. The Prime Offeror shall ensure the yellow-highlighted rate cells below are linked correctly from the relevant labor rate and add-on factors in the 'Cost Format B_PRIME Rates' worksheet.
B5: 4. The proposed factors will be applied to the proposed labor hours, material cost, and other direct costs.
B6: 5. Definitions of the labor categories and add-on factors are included in the 'Cost Format B_PRIME Rate Desc' worksheet.
B7: 6. Each CPFF/CPIF Cost, COM and Fee shall be rounded to the nearest whole dollar.
B10: CLINs 0001 & 1001: CPFF | C10: Proposed Prices (Labor) | G10: Proposed Prices (Labor) | L10: CLINs 2001, 3001, & 4001: CPIF | M10: Proposed Prices (Labor) | Q10: Proposed Prices (Labor) | U10: Proposed Prices (Labor)
C11: 0001: F-16 O-Level Handheld/Pre-load Tester Prototype Design and Digital Development - Basic Period | G11: 1001: F-16 O-Level Handheld/Pre-load Tester EMD - Option Period 1 | M11: 2001: F-15 O-Level Handheld/Pre-load Tester EMD - Option Period 2 | Q11: 3001: A-10 O-Level Handheld/Pre-load Tester EMD - Option Period 3 | U11: 4001: F-15 I-Level Fault Isolation Tester EMD - Option Period 4
B12: Labor Category | C12: Hours | D12: Rates | E12: Cost | G12: Hours | H12: Rates | I12: Cost | L12: Labor Category | M12: Hours | N12: Rates | O12: Cost | Q12: Hours | R12: Rates | S12: Cost | U12: Hours | V12: Rates | W12: Cost
B13: Labor Category 1: [INSERT LABOR CATEGORY NAME HERE] | D13: 0 | E13: =+C13*D13 -> 0 | H13: 0 | I13: =+G13*H13 -> 0 | L13: Labor Category 1: [INSERT LABOR CATEGORY NAME HERE] | N13: 0 | O13: =+M13*N13 -> 0 | R13: 0 | S13: =+Q13*R13 -> 0 | V13: 0 | W13: =+U13*V13 -> 0
B14: Labor Category 2: [INSERT LABOR CATEGORY NAME HERE] | D14: 0 | E14: =+C14*D14 -> 0 | H14: 0 | I14: =+G14*H14 -> 0 | L14: Labor Category 2: [INSERT LABOR CATEGORY NAME HERE] | N14: 0 | O14: =+M14*N14 -> 0 | R14: 0 | S14: =+Q14*R14 -> 0 | V14: 0 | W14: =+U14*V14 -> 0
B15: Labor Category 3: [INSERT LABOR CATEGORY NAME HERE] | D15: 0 | E15: =+C15*D15 -> 0 | H15: 0 | I15: =+G15*H15 -> 0 | L15: Labor Category 3: [INSERT LABOR CATEGORY NAME HERE] | N15: 0 | O15: =+M15*N15 -> 0 | R15: 0 | S15: =+Q15*R15 -> 0 | V15: 0 | W15: =+U15*V15 -> 0
B16: Labor Category 4: [INSERT LABOR CATEGORY NAME HERE] | D16: 0 | E16: =+C16*D16 -> 0 | H16: 0 | I16: =+G16*H16 -> 0 | L16: Labor Category 4: [INSERT LABOR CATEGORY NAME HERE] | N16: 0 | O16: =+M16*N16 -> 0 | R16: 0 | S16: =+Q16*R16 -> 0 | V16: 0 | W16: =+U16*V16 -> 0
B17: Labor Category 5: [INSERT LABOR CATEGORY NAME HERE] | D17: 0 | E17: =+C17*D17 -> 0 | H17: 0 | I17: =+G17*H17 -> 0 | L17: Labor Category 5: [INSERT LABOR CATEGORY NAME HERE] | N17: 0 | O17: =+M17*N17 -> 0 | R17: 0 | S17: =+Q17*R17 -> 0 | V17: 0 | W17: =+U17*V17 -> 0
B18: Labor Category 6: [INSERT LABOR CATEGORY NAME HERE] | D18: 0 | E18: =+C18*D18 -> 0 | H18: 0 | I18: =+G18*H18 -> 0 | L18: Labor Category 6: [INSERT LABOR CATEGORY NAME HERE] | N18: 0 | O18: =+M18*N18 -> 0 | R18: 0 | S18: =+Q18*R18 -> 0 | V18: 0 | W18: =+U18*V18 -> 0
B19: Labor Category 7: [INSERT LABOR CATEGORY NAME HERE] | D19: 0 | E19: =+C19*D19 -> 0 | H19: 0 | I19: =+G19*H19 -> 0 | L19: Labor Category 7: [INSERT LABOR CATEGORY NAME HERE] | N19: 0 | O19: =+M19*N19 -> 0 | R19: 0 | S19: =+Q19*R19 -> 0 | V19: 0 | W19: =+U19*V19 -> 0
B20: Labor Category 8: [INSERT LABOR CATEGORY NAME HERE] | D20: 0 | E20: =+C20*D20 -> 0 | H20: 0 | I20: =+G20*H20 -> 0 | L20: Labor Category 8: [INSERT LABOR CATEGORY NAME HERE] | N20: 0 | O20: =+M20*N20 -> 0 | R20: 0 | S20: =+Q20*R20 -> 0 | V20: 0 | W20: =+U20*V20 -> 0
B21: Labor Category 9: [INSERT LABOR CATEGORY NAME HERE] | D21: 0 | E21: =+C21*D21 -> 0 | H21: 0 | I21: =+G21*H21 -> 0 | L21: Labor Category 9: [INSERT LABOR CATEGORY NAME HERE] | N21: 0 | O21: =+M21*N21 -> 0 | R21: 0 | S21: =+Q21*R21 -> 0 | V21: 0 | W21: =+U21*V21 -> 0
B22: Labor Category 10: [INSERT LABOR CATEGORY NAME HERE] | D22: 0 | E22: =+C22*D22 -> 0 | H22: 0 | I22: =+G22*H22 -> 0 | L22: Labor Category 10: [INSERT LABOR CATEGORY NAME HERE] | N22: 0 | O22: =+M22*N22 -> 0 | R22: 0 | S22: =+Q22*R22 -> 0 | V22: 0 | W22: =+U22*V22 -> 0
B23: Labor Category 11: [INSERT LABOR CATEGORY NAME HERE] | D23: 0 | E23: =+C23*D23 -> 0 | H23: 0 | I23: =+G23*H23 -> 0 | L23: Labor Category 11: [INSERT LABOR CATEGORY NAME HERE] | N23: 0 | O23: =+M23*N23 -> 0 | R23: 0 | S23: =+Q23*R23 -> 0 | V23: 0 | W23: =+U23*V23 -> 0
B24: Labor Category 12: [INSERT LABOR CATEGORY NAME HERE] | D24: 0 | E24: =+C24*D24 -> 0 | H24: 0 | I24: =+G24*H24 -> 0 | L24: Labor Category 12: [INSERT LABOR CATEGORY NAME HERE] | N24: 0 | O24: =+M24*N24 -> 0 | R24: 0 | S24: =+Q24*R24 -> 0 | V24: 0 | W24: =+U24*V24 -> 0
B25: Labor Category 13: [INSERT LABOR CATEGORY NAME HERE] | D25: 0 | E25: =+C25*D25 -> 0 | H25: 0 | I25: =+G25*H25 -> 0 | L25: Labor Category 13: [INSERT LABOR CATEGORY NAME HERE] | N25: 0 | O25: =+M25*N25 -> 0 | R25: 0 | S25: =+Q25*R25 -> 0 | V25: 0 | W25: =+U25*V25 -> 0
B26: TOTAL HOURS/COST | C26: =SUM(C13:C25) -> 0 | E26: =SUM(E13:E25) -> 0 | G26: =SUM(G13:G25) -> 0 | I26: =SUM(I13:I25) -> 0 | L26: TOTAL HOURS/COST | M26: =SUM(M13:M25) -> 0 | O26: =SUM(O13:O25) -> 0 | Q26: =SUM(Q13:Q25) -> 0 | S26: =SUM(S13:S25) -> 0 | U26: =SUM(U13:U25) -> 0 | W26: =SUM(W13:W25) -> 0
C27: Base | D27: Rates | E27: Cost | G27: Base | H27: Rates | I27: Cost | M27: Base | N27: Rates | O27: Cost | Q27: Base | R27: Rates | S27: Cost | U27: Base | V27: Rates | W27: Cost
B28: Proposed Add-on Factor (Fringe) | C28: =+E26 -> 0 | D28: 0 | E28: =+C28*D28 -> 0 | G28: =+I26 -> 0 | H28: 0 | I28: =+G28*H28 -> 0 | L28: Proposed Add-on Factor (Fringe) | M28: =+O26 -> 0 | N28: 0 | O28: =+M28*N28 -> 0 | Q28: =+S26 -> 0 | R28: 0 | S28: =+Q28*R28 -> 0 | U28: =+W26 -> 0 | V28: 0 | W28: =+U28*V28 -> 0
B29: Proposed Add-on Factor (Overhead) | C29: =+C28+E28 -> 0 | D29: 0 | E29: =+C29*D29 -> 0 | G29: =+G28+I28 -> 0 | H29: 0 | I29: =+G29*H29 -> 0 | L29: Proposed Add-on Factor (Overhead) | M29: =+M28+O28 -> 0 | N29: 0 | O29: =+M29*N29 -> 0 | Q29: =+Q28+S28 -> 0 | R29: 0 | S29: =+Q29*R29 -> 0 | U29: =+U28+W28 -> 0 | V29: 0 | W29: =+U29*V29 -> 0
B30: Proposed Add-on Factor (G&A) | C30: =+C29+E29 -> 0 | D30: 0 | E30: =+C30*D30 -> 0 | G30: =+G29+I29 -> 0 | H30: 0 | I30: =+G30*H30 -> 0 | L30: Proposed Add-on Factor (G&A) | M30: =+M29+O29 -> 0 | N30: 0 | O30: =+M30*N30 -> 0 | Q30: =+Q29+S29 -> 0 | R30: 0 | S30: =+Q30*R30 -> 0 | U30: =+U29+W29 -> 0 | V30: 0 | W30: =+U30*V30 -> 0
B31: Proposed Add-on Factor (COM) | C31: =+C28 -> 0 | D31: 0 | E31: =+C31*D31 -> 0 | G31: =+G28 -> 0 | H31: 0 | I31: =+G31*H31 -> 0 | L31: Proposed Add-on Factor (COM) | M31: =+M28 -> 0 | N31: 0 | O31: =+M31*N31 -> 0 | Q31: =+Q28 -> 0 | R31: 0 | S31: =+Q31*R31 -> 0 | U31: =+U28 -> 0 | V31: 0 | W31: =+U31*V31 -> 0
B32: Proposed Add-on Factor (Fee) | C32: =+C30+E30 -> 0 | D32: 0 | E32: =+C32*D32 -> 0 | G32: =+G30+I30 -> 0 | H32: 0 | I32: =+G32*H32 -> 0 | L32: Proposed Add-on Factor (Fee) | M32: =+M30+O30 -> 0 | N32: 0 | O32: =+M32*N32 -> 0 | Q32: =+Q30+S30 -> 0 | R32: 0 | S32: =+Q32*R32 -> 0 | U32: =+U30+W30 -> 0 | V32: 0 | W32: =+U32*V32 -> 0
B33: Total Proposed Cost | E33: =+SUM(E26,E28,E29,E30) -> 0 | I33: =+SUM(I26,I28,I29,I30) -> 0 | L33: Total Proposed Target Cost | O33: =+SUM(O26,O28,O29,O30) -> 0 | S33: =+SUM(S26,S28,S29,S30) -> 0 | W33: =+SUM(W26,W28,W29,W30) -> 0
B34: Total Proposed COM | E34: =+E31 -> 0 | I34: =+I31 -> 0 | L34: Total Proposed Target COM | O34: =+O31 -> 0 | S34: =+S31 -> 0 | W34: =+W31 -> 0
B35: Total Proposed Fee | E35: =+E32 -> 0 | I35: =+I32 -> 0 | L35: Total Proposed Target Fee | O35: =+O32 -> 0 | S35: =+S32 -> 0 | W35: =+W32 -> 0
B36: Total Proposed Price | E36: =SUM(E33:E35) -> 0 | I36: =SUM(I33:I35) -> 0 | L36: Total Proposed Target Price | O36: =SUM(O33:O35) -> 0 | S36: =SUM(S33:S35) -> 0 | W36: =SUM(W33:W35) -> 0
B39: =B10 -> CLINs 0001 & 1001: CPFF | C39: Proposed Prices (Material) | G39: Proposed Prices (Material) | M39: Proposed Prices (Material) | Q39: Proposed Prices (Material) | U39: Proposed Prices (Material)
C40: =C11 -> 0001: F-16 O-Level Handheld/Pre-load Tester Prototype Design and Digital Development - Basic Period | G40: =G11 -> 1001: F-16 O-Level Handheld/Pre-load Tester EMD - Option Period 1 | M40: =M11 -> 2001: F-15 O-Level Handheld/Pre-load Tester EMD - Option Period 2 | Q40: =Q11 -> 3001: A-10 O-Level Handheld/Pre-load Tester EMD - Option Period 3 | U40: =U11 -> 4001: F-15 I-Level Fault Isolation Tester EMD - Option Period 4
C41: Base | D41: Rates | E41: Cost | G41: Base | H41: Rates | I41: Cost | M41: Base | N41: Rates | O41: Cost | Q41: Base | R41: Rates | S41: Cost | U41: Base | V41: Rates | W41: Cost
B42: Total Proposed Material Cost | L42: Total Proposed Material Cost
B43: Proposed Add-on Factor (Overhead) | C43: =+E42 -> 0 | D43: 0 | E43: =+C43*D43 -> 0 | G43: =+I42 -> 0 | H43: 0 | I43: =+G43*H43 -> 0 | L43: Proposed Add-on Factor (Overhead) | M43: =+O42 -> 0 | N43: 0 | O43: =+M43*N43 -> 0 | Q43: =+S42 -> 0 | R43: 0 | S43: =+Q43*R43 -> 0 | U43: =+W42 -> 0 | V43: 0 | W43: =+U43*V43 -> 0
B44: Proposed Add-on Factor (G&A) | C44: =+C43+E43 -> 0 | D44: 0 | E44: =+C44*D44 -> 0 | G44: =+G43+I43 -> 0 | H44: 0 | I44: =+G44*H44 -> 0 | L44: Proposed Add-on Factor (G&A) | M44: =+M43+O43 -> 0 | N44: 0 | O44: =+M44*N44 -> 0 | Q44: =+Q43+S43 -> 0 | R44: 0 | S44: =+Q44*R44 -> 0 | U44: =+U43+W43 -> 0 | V44: 0 | W44: =+U44*V44 -> 0
B45: Proposed Add-on Factor (COM) | C45: =+C43 -> 0 | D45: 0 | E45: =+C45*D45 -> 0 | G45: =+G43 -> 0 | H45: 0 | I45: =+G45*H45 -> 0 | L45: Proposed Add-on Factor (COM) | M45: =+M43 -> 0 | N45: 0 | O45: =+M45*N45 -> 0 | Q45: =+Q43 -> 0 | R45: 0 | S45: =+Q45*R45 -> 0 | U45: =+U43 -> 0 | V45: 0 | W45: =+U45*V45 -> 0
B46: Proposed Add-on Factor (Fee) | C46: =+C44+E44 -> 0 | D46: 0 | E46: =+C46*D46 -> 0 | G46: =+G44+I44 -> 0 | H46: 0 | I46: =+G46*H46 -> 0 | L46: Proposed Add-on Factor (Fee) | M46: =+M44+O44 -> 0 | N46: 0 | O46: =+M46*N46 -> 0 | Q46: =+Q44+S44 -> 0 | R46: 0 | S46: =+Q46*R46 -> 0 | U46: =+U44+W44 -> 0 | V46: 0 | W46: =+U46*V46 -> 0
B47: Total Proposed Cost | E47: =+ROUND(SUM(E42:E44),0) -> 0 | I47: =+ROUND(SUM(I42:I44),0) -> 0 | L47: Total Proposed Target Cost | O47: =+ROUND(SUM(O42:O44),0) -> 0 | S47: =+ROUND(SUM(S42:S44),0) -> 0 | W47: =+ROUND(SUM(W42:W44),0) -> 0
B48: Total Proposed COM | E48: =+ROUND(E45,0) -> 0 | I48: =+ROUND(I45,0) -> 0 | L48: Total Proposed Target COM | O48: =+ROUND(O45,0) -> 0 | S48: =+ROUND(S45,0) -> 0 | W48: =+ROUND(W45,0) -> 0
B49: Total Proposed Fee | E49: =+ROUND(E46,0) -> 0 | I49: =+ROUND(I46,0) -> 0 | L49: Total Proposed Target Fee | O49: =+ROUND(O46,0) -> 0 | S49: =+ROUND(S46,0) -> 0 | W49: =+ROUND(W46,0) -> 0
B50: Total Proposed Price | E50: =SUM(E47:E49) -> 0 | I50: =SUM(I47:I49) -> 0 | L50: Total Proposed Target Price | O50: =SUM(O47:O49) -> 0 | S50: =SUM(S47:S49) -> 0 | W50: =SUM(W47:W49) -> 0
B52: =B39 -> CLINs 0001 & 1001: CPFF | C52: Proposed Prices (Other Direct Cost) | G52: Proposed Prices (Other Direct Cost) | M52: Proposed Prices (Other Direct Cost) | Q52: Proposed Prices (Other Direct Cost) | U52: Proposed Prices (Other Direct Cost)
C53: =C40 -> 0001: F-16 O-Level Handheld/Pre-load Tester Prototype Design and Digital Development - Basic Period | G53: =G40 -> 1001: F-16 O-Level Handheld/Pre-load Tester EMD - Option Period 1 | M53: =M40 -> 2001: F-15 O-Level Handheld/Pre-load Tester EMD - Option Period 2 | Q53: =Q40 -> 3001: A-10 O-Level Handheld/Pre-load Tester EMD - Option Period 3 | U53: =U40 -> 4001: F-15 I-Level Fault Isolation Tester EMD - Option Period 4
C54: Base | D54: Rates | E54: Cost | G54: Base | H54: Rates | I54: Cost | M54: Base | N54: Rates | O54: Cost | Q54: Base | R54: Rates | S54: Cost | U54: Base | V54: Rates | W54: Cost
B55: Total Proposed Other Direct Cost (ODC) | L55: Total Proposed Other Direct Cost (ODC)
B56: Proposed Add-on Factor (Overhead) | C56: =+E55 -> 0 | D56: 0 | E56: =+C56*D56 -> 0 | G56: =+I55 -> 0 | H56: 0 | I56: =+G56*H56 -> 0 | L56: Proposed Add-on Factor (Overhead) | M56: =+O55 -> 0 | N56: 0 | O56: =+M56*N56 -> 0 | Q56: =+S55 -> 0 | R56: 0 | S56: =+Q56*R56 -> 0 | U56: =+W55 -> 0 | V56: 0 | W56: =+U56*V56 -> 0
B57: Proposed Add-on Factor (G&A) | C57: =+C56+E56 -> 0 | D57: 0 | E57: =+C57*D57 -> 0 | G57: =+G56+I56 -> 0 | H57: 0 | I57: =+G57*H57 -> 0 | L57: Proposed Add-on Factor (G&A) | M57: =+M56+O56 -> 0 | N57: 0 | O57: =+M57*N57 -> 0 | Q57: =+Q56+S56 -> 0 | R57: 0 | S57: =+Q57*R57 -> 0 | U57: =+U56+W56 -> 0 | V57: 0 | W57: =+U57*V57 -> 0
B58: Proposed Add-on Factor (COM) | C58: =+C56 -> 0 | D58: 0 | E58: =+C58*D58 -> 0 | G58: =+G56 -> 0 | H58: 0 | I58: =+G58*H58 -> 0 | L58: Proposed Add-on Factor (COM) | M58: =+M56 -> 0 | N58: 0 | O58: =+M58*N58 -> 0 | Q58: =+Q56 -> 0 | R58: 0 | S58: =+Q58*R58 -> 0 | U58: =+U56 -> 0 | V58: 0 | W58: =+U58*V58 -> 0
B59: Proposed Add-on Factor (Fee) | C59: =+C57+E57 -> 0 | D59: 0 | E59: =+C59*D59 -> 0 | G59: =+G57+I57 -> 0 | H59: 0 | I59: =+G59*H59 -> 0 | L59: Proposed Add-on Factor (Fee) | M59: =+M57+O57 -> 0 | N59: 0 | O59: =+M59*N59 -> 0 | Q59: =+Q57+S57 -> 0 | R59: 0 | S59: =+Q59*R59 -> 0 | U59: =+U57+W57 -> 0 | V59: 0 | W59: =+U59*V59 -> 0
B60: Total Proposed Cost | E60: =+ROUND(SUM(E55:E57),0) -> 0 | I60: =+ROUND(SUM(I55:I57),0) -> 0 | L60: Total Proposed Target Cost | O60: =+ROUND(SUM(O55:O57),0) -> 0 | S60: =+ROUND(SUM(S55:S57),0) -> 0 | W60: =+ROUND(SUM(W55:W57),0) -> 0
B61: Total Proposed COM | E61: =+ROUND(E58,0) -> 0 | I61: =+ROUND(I58,0) -> 0 | L61: Total Proposed Target COM | O61: =+ROUND(O58,0) -> 0 | S61: =+ROUND(S58,0) -> 0 | W61: =+ROUND(W58,0) -> 0
B62: Total Proposed Fee | E62: =+ROUND(E59,0) -> 0 | I62: =+ROUND(I59,0) -> 0 | L62: Total Proposed Target Fee | O62: =+ROUND(O59,0) -> 0 | S62: =+ROUND(S59,0) -> 0 | W62: =+ROUND(W59,0) -> 0
B63: Total Proposed Price | E63: =SUM(E60:E62) -> 0 | I63: =SUM(I60:I62) -> 0 | L63: Total Proposed Target Price | O63: =SUM(O60:O62) -> 0 | S63: =SUM(S60:S62) -> 0 | W63: =SUM(W60:W62) -> 0
B66: =B52 -> CLINs 0001 & 1001: CPFF | C66: Proposed Prices (Labor, Material, and ODC) | G66: Proposed Prices (Labor, Material, and ODC) | M66: Proposed Prices (Labor, Material, and ODC) | Q66: Proposed Prices (Labor, Material, and ODC) | U66: Proposed Prices (Labor, Material, and ODC)
E67: CLIN 0001: Basic Period (CPFF) | I67: CLIN 1001: Option Period 1 (CPFF) | O67: CLIN 2001: Option Period 2 (CPIF) | S67: CLIN 3001: Option Period 3 (CPIF) | W67: CLIN 4001: Option Period 4 (CPIF)
B68: Total Proposed Cost | E68: =+ROUND(E33+E47+E60,0) -> 0 | I68: =+ROUND(I33+I47+I60,0) -> 0 | L68: Total Proposed Target Cost | O68: =+ROUND(O33+O47+O60,0) -> 0 | S68: =+ROUND(S33+S47+S60,0) -> 0 | W68: =+ROUND(W33+W47+W60,0) -> 0
B69: Total Proposed COM | E69: =+ROUND(E34+E48+E61,0) -> 0 | I69: =+ROUND(I34+I48+I61,0) -> 0 | L69: Total Proposed Target COM | O69: =+ROUND(O34+O48+O61,0) -> 0 | S69: =+ROUND(S34+S48+S61,0) -> 0 | W69: =+ROUND(W34+W48+W61,0) -> 0
B70: Total Proposed Fee | E70: =+ROUND(E35+E49+E62,0) -> 0 | I70: =+ROUND(I35+I49+I62,0) -> 0 | L70: Total Proposed Target Fee | O70: =+ROUND(O35+O49+O62,0) -> 0 | S70: =+ROUND(S35+S49+S62,0) -> 0 | W70: =+ROUND(W35+W49+W62,0) -> 0
B71: Total Proposed Price | E71: =SUM(E68:E70) -> 0 | I71: =SUM(I68:I70) -> 0 | L71: Total Proposed Target Price | O71: =SUM(O68:O70) -> 0 | S71: =SUM(S68:S70) -> 0 | W71: =SUM(W68:W70) -> 0

Sheet Cost Format A_CLIN X002
B1: Notes:
B2: 1. The format of this worksheet may be revised as required to be consistent with the major subcontractor's approved accounting system.
B3: 2. The Prime Offeror shall propose labor hours, material costs, and other direct costs in the yellow-highlighted cells below.
B4: 3. The Prime Offeror shall ensure the yellow-highlighted rate cells below are linked correctly from the relevant labor rate and add-on factors in the 'Cost Format B_PRIME Rates' worksheet.
B5: 4. The proposed factors will be applied to the proposed labor hours, material cost, and other direct costs.
B6: 5. Definitions of the labor categories and add-on factors are included in the 'Cost Format B_PRIME Rate Desc' worksheet.
B7: 6. Each CPFF/CPIF Cost, COM and Fee shall be rounded to the nearest whole dollar.
B10: CLINs 0002 & 1002: CPFF | C10: Proposed Prices (Labor) | G10: Proposed Prices (Labor) | L10: CLINs 2002, 3002, & 4002: CPIF | M10: Proposed Prices (Labor) | Q10: Proposed Prices (Labor) | U10: Proposed Prices (Labor)
C11: 0002: F-15 O-Level Handheld/Pre-load Tester Prototype design and digital development - Basic Period | G11: 1002: F-15 O-Level Handheld/Pre-load Tester EMD - Option Period 1 | M11: 2002: A-10 O-Level Handheld/Pre-load Tester EMD - Option Period 2 | Q11: 3002: F-16 I-Level Fault Isolation Tester EMD - Option Period 3 | U11: 4002: A-10 I-Level Fault Isolation Tester EMD - Option Period 4
B12: Labor Category | C12: Hours | D12: Rates | E12: Cost | G12: Hours | H12: Rates | I12: Cost | L12: Labor Category | M12: Hours | N12: Rates | O12: Cost | Q12: Hours | R12: Rates | S12: Cost | U12: Hours | V12: Rates | W12: Cost
B13: Labor Category 1: [INSERT LABOR CATEGORY NAME HERE] | D13: 0 | E13: =+C13*D13 -> 0 | H13: 0 | I13: =+G13*H13 -> 0 | L13: Labor Category 1: [INSERT LABOR CATEGORY NAME HERE] | N13: 0 | O13: =+M13*N13 -> 0 | R13: 0 | S13: =+Q13*R13 -> 0 | V13: 0 | W13: =+U13*V13 -> 0
B14: Labor Category 2: [INSERT LABOR CATEGORY NAME HERE] | D14: 0 | E14: =+C14*D14 -> 0 | H14: 0 | I14: =+G14*H14 -> 0 | L14: Labor Category 2: [INSERT LABOR CATEGORY NAME HERE] | N14: 0 | O14: =+M14*N14 -> 0 | R14: 0 | S14: =+Q14*R14 -> 0 | V14: 0 | W14: =+U14*V14 -> 0
B15: Labor Category 3: [INSERT LABOR CATEGORY NAME HERE] | D15: 0 | E15: =+C15*D15 -> 0 | H15: 0 | I15: =+G15*H15 -> 0 | L15: Labor Category 3: [INSERT LABOR CATEGORY NAME HERE] | N15: 0 | O15: =+M15*N15 -> 0 | R15: 0 | S15: =+Q15*R15 -> 0 | V15: 0 | W15: =+U15*V15 -> 0
B16: Labor Category 4: [INSERT LABOR CATEGORY NAME HERE] | D16: 0 | E16: =+C16*D16 -> 0 | H16: 0 | I16: =+G16*H16 -> 0 | L16: Labor Category 4: [INSERT LABOR CATEGORY NAME HERE] | N16: 0 | O16: =+M16*N16 -> 0 | R16: 0 | S16: =+Q16*R16 -> 0 | V16: 0 | W16: =+U16*V16 -> 0
B17: Labor Category 5: [INSERT LABOR CATEGORY NAME HERE] | D17: 0 | E17: =+C17*D17 -> 0 | H17: 0 | I17: =+G17*H17 -> 0 | L17: Labor Category 5: [INSERT LABOR CATEGORY NAME HERE] | N17: 0 | O17: =+M17*N17 -> 0 | R17: 0 | S17: =+Q17*R17 -> 0 | V17: 0 | W17: =+U17*V17 -> 0
B18: Labor Category 6: [INSERT LABOR CATEGORY NAME HERE] | D18: 0 | E18: =+C18*D18 -> 0 | H18: 0 | I18: =+G18*H18 -> 0 | L18: Labor Category 6: [INSERT LABOR CATEGORY NAME HERE] | N18: 0 | O18: =+M18*N18 -> 0 | R18: 0 | S18: =+Q18*R18 -> 0 | V18: 0 | W18: =+U18*V18 -> 0
B19: Labor Category 7: [INSERT LABOR CATEGORY NAME HERE] | D19: 0 | E19: =+C19*D19 -> 0 | H19: 0 | I19: =+G19*H19 -> 0 | L19: Labor Category 7: [INSERT LABOR CATEGORY NAME HERE] | N19: 0 | O19: =+M19*N19 -> 0 | R19: 0 | S19: =+Q19*R19 -> 0 | V19: 0 | W19: =+U19*V19 -> 0
B20: Labor Category 8: [INSERT LABOR CATEGORY NAME HERE] | D20: 0 | E20: =+C20*D20 -> 0 | H20: 0 | I20: =+G20*H20 -> 0 | L20: Labor Category 8: [INSERT LABOR CATEGORY NAME HERE] | N20: 0 | O20: =+M20*N20 -> 0 | R20: 0 | S20: =+Q20*R20 -> 0 | V20: 0 | W20: =+U20*V20 -> 0
B21: Labor Category 9: [INSERT LABOR CATEGORY NAME HERE] | D21: 0 | E21: =+C21*D21 -> 0 | H21: 0 | I21: =+G21*H21 -> 0 | L21: Labor Category 9: [INSERT LABOR CATEGORY NAME HERE] | N21: 0 | O21: =+M21*N21 -> 0 | R21: 0 | S21: =+Q21*R21 -> 0 | V21: 0 | W21: =+U21*V21 -> 0
B22: Labor Category 10: [INSERT LABOR CATEGORY NAME HERE] | D22: 0 | E22: =+C22*D22 -> 0 | H22: 0 | I22: =+G22*H22 -> 0 | L22: Labor Category 10: [INSERT LABOR CATEGORY NAME HERE] | N22: 0 | O22: =+M22*N22 -> 0 | R22: 0 | S22: =+Q22*R22 -> 0 | V22: 0 | W22: =+U22*V22 -> 0
B23: Labor Category 11: [INSERT LABOR CATEGORY NAME HERE] | D23: 0 | E23: =+C23*D23 -> 0 | H23: 0 | I23: =+G23*H23 -> 0 | L23: Labor Category 11: [INSERT LABOR CATEGORY NAME HERE] | N23: 0 | O23: =+M23*N23 -> 0 | R23: 0 | S23: =+Q23*R23 -> 0 | V23: 0 | W23: =+U23*V23 -> 0
B24: Labor Category 12: [INSERT LABOR CATEGORY NAME HERE] | D24: 0 | E24: =+C24*D24 -> 0 | H24: 0 | I24: =+G24*H24 -> 0 | L24: Labor Category 12: [INSERT LABOR CATEGORY NAME HERE] | N24: 0 | O24: =+M24*N24 -> 0 | R24: 0 | S24: =+Q24*R24 -> 0 | V24: 0 | W24: =+U24*V24 -> 0
B25: Labor Category 13: [INSERT LABOR CATEGORY NAME HERE] | D25: 0 | E25: =+C25*D25 -> 0 | H25: 0 | I25: =+G25*H25 -> 0 | L25: Labor Category 13: [INSERT LABOR CATEGORY NAME HERE] | N25: 0 | O25: =+M25*N25 -> 0 | R25: 0 | S25: =+Q25*R25 -> 0 | V25: 0 | W25: =+U25*V25 -> 0
B26: TOTAL HOURS/COST | C26: =SUM(C13:C25) -> 0 | E26: =SUM(E13:E25) -> 0 | G26: =SUM(G13:G25) -> 0 | I26: =SUM(I13:I25) -> 0 | L26: TOTAL HOURS/COST | M26: =SUM(M13:M25) -> 0 | O26: =SUM(O13:O25) -> 0 | Q26: =SUM(Q13:Q25) -> 0 | S26: =SUM(S13:S25) -> 0 | U26: =SUM(U13:U25) -> 0 | W26: =SUM(W13:W25) -> 0
C27: Base | D27: Rates | E27: Cost | G27: Base | H27: Rates | I27: Cost | M27: Base | N27: Rates | O27: Cost | Q27: Base | R27: Rates | S27: Cost | U27: Base | V27: Rates | W27: Cost
B28: Proposed Add-on Factor (Fringe) | C28: =+E26 -> 0 | D28: 0 | E28: =+C28*D28 -> 0 | G28: =+I26 -> 0 | H28: 0 | I28: =+G28*H28 -> 0 | L28: Proposed Add-on Factor (Fringe) | M28: =+O26 -> 0 | N28: 0 | O28: =+M28*N28 -> 0 | Q28: =+S26 -> 0 | R28: 0 | S28: =+Q28*R28 -> 0 | U28: =+W26 -> 0 | V28: 0 | W28: =+U28*V28 -> 0
B29: Proposed Add-on Factor (Overhead) | C29: =+C28+E28 -> 0 | D29: 0 | E29: =+C29*D29 -> 0 | G29: =+G28+I28 -> 0 | H29: 0 | I29: =+G29*H29 -> 0 | L29: Proposed Add-on Factor (Overhead) | M29: =+M28+O28 -> 0 | N29: 0 | O29: =+M29*N29 -> 0 | Q29: =+Q28+S28 -> 0 | R29: 0 | S29: =+Q29*R29 -> 0 | U29: =+U28+W28 -> 0 | V29: 0 | W29: =+U29*V29 -> 0
B30: Proposed Add-on Factor (G&A) | C30: =+C29+E29 -> 0 | D30: 0 | E30: =+C30*D30 -> 0 | G30: =+G29+I29 -> 0 | H30: 0 | I30: =+G30*H30 -> 0 | L30: Proposed Add-on Factor (G&A) | M30: =+M29+O29 -> 0 | N30: 0 | O30: =+M30*N30 -> 0 | Q30: =+Q29+S29 -> 0 | R30: 0 | S30: =+Q30*R30 -> 0 | U30: =+U29+W29 -> 0 | V30: 0 | W30: =+U30*V30 -> 0
B31: Proposed Add-on Factor (COM) | C31: =+C28 -> 0 | D31: 0 | E31: =+C31*D31 -> 0 | G31: =+G28 -> 0 | H31: 0 | I31: =+G31*H31 -> 0 | L31: Proposed Add-on Factor (COM) | M31: =+M28 -> 0 | N31: 0 | O31: =+M31*N31 -> 0 | Q31: =+Q28 -> 0 | R31: 0 | S31: =+Q31*R31 -> 0 | U31: =+U28 -> 0 | V31: 0 | W31: =+U31*V31 -> 0
B32: Proposed Add-on Factor (Fee) | C32: =+C30+E30 -> 0 | D32: 0 | E32: =+C32*D32 -> 0 | G32: =+G30+I30 -> 0 | H32: 0 | I32: =+G32*H32 -> 0 | L32: Proposed Add-on Factor (Fee) | M32: =+M30+O30 -> 0 | N32: 0 | O32: =+M32*N32 -> 0 | Q32: =+Q30+S30 -> 0 | R32: 0 | S32: =+Q32*R32 -> 0 | U32: =+U30+W30 -> 0 | V32: 0 | W32: =+U32*V32 -> 0
B33: Total Proposed Cost | E33: =+SUM(E26,E28,E29,E30) -> 0 | I33: =+SUM(I26,I28,I29,I30) -> 0 | L33: Total Proposed Target Cost | O33: =+SUM(O26,O28,O29,O30) -> 0 | S33: =+SUM(S26,S28,S29,S30) -> 0 | W33: =+SUM(W26,W28,W29,W30) -> 0
B34: Total Proposed COM | E34: =+E31 -> 0 | I34: =+I31 -> 0 | L34: Total Proposed Target COM | O34: =+O31 -> 0 | S34: =+S31 -> 0 | W34: =+W31 -> 0
B35: Total Proposed Fee | E35: =+E32 -> 0 | I35: =+I32 -> 0 | L35: Total Proposed Target Fee | O35: =+O32 -> 0 | S35: =+S32 -> 0 | W35: =+W32 -> 0
B36: Total Proposed Price | E36: =SUM(E33:E35) -> 0 | I36: =SUM(I33:I35) -> 0 | L36: Total Proposed Target Price | O36: =SUM(O33:O35) -> 0 | S36: =SUM(S33:S35) -> 0 | W36: =SUM(W33:W35) -> 0
B39: =B10 -> CLINs 0002 & 1002: CPFF | C39: Proposed Prices (Material) | G39: Proposed Prices (Material) | M39: Proposed Prices (Material) | Q39: Proposed Prices (Material) | U39: Proposed Prices (Material)
C40: =C11 -> 0002: F-15 O-Level Handheld/Pre-load Tester Prototype design and digital development - Basic Period | G40: =G11 -> 1002: F-15 O-Level Handheld/Pre-load Tester EMD - Option Period 1 | M40: =M11 -> 2002: A-10 O-Level Handheld/Pre-load Tester EMD - Option Period 2 | Q40: =Q11 -> 3002: F-16 I-Level Fault Isolation Tester EMD - Option Period 3 | U40: =U11 -> 4002: A-10 I-Level Fault Isolation Tester EMD - Option Period 4
C41: Base | D41: Rates | E41: Cost | G41: Base | H41: Rates | I41: Cost | M41: Base | N41: Rates | O41: Cost | Q41: Base | R41: Rates | S41: Cost | U41: Base | V41: Rates | W41: Cost
B42: Total Proposed Material Cost | L42: Total Proposed Material Cost
B43: Proposed Add-on Factor (Overhead) | C43: =+E42 -> 0 | D43: 0 | E43: =+C43*D43 -> 0 | G43: =+I42 -> 0 | H43: 0 | I43: =+G43*H43 -> 0 | L43: Proposed Add-on Factor (Overhead) | M43: =+O42 -> 0 | N43: 0 | O43: =+M43*N43 -> 0 | Q43: =+S42 -> 0 | R43: 0 | S43: =+Q43*R43 -> 0 | U43: =+W42 -> 0 | V43: 0 | W43: =+U43*V43 -> 0
B44: Proposed Add-on Factor (G&A) | C44: =+C43+E43 -> 0 | D44: 0 | E44: =+C44*D44 -> 0 | G44: =+G43+I43 -> 0 | H44: 0 | I44: =+G44*H44 -> 0 | L44: Proposed Add-on Factor (G&A) | M44: =+M43+O43 -> 0 | N44: 0 | O44: =+M44*N44 -> 0 | Q44: =+Q43+S43 -> 0 | R44: 0 | S44: =+Q44*R44 -> 0 | U44: =+U43+W43 -> 0 | V44: 0 | W44: =+U44*V44 -> 0
B45: Proposed Add-on Factor (COM) | C45: =+C43 -> 0 | D45: 0 | E45: =+C45*D45 -> 0 | G45: =+G43 -> 0 | H45: 0 | I45: =+G45*H45 -> 0 | L45: Proposed Add-on Factor (COM) | M45: =+M43 -> 0 | N45: 0 | O45: =+M45*N45 -> 0 | Q45: =+Q43 -> 0 | R45: 0 | S45: =+Q45*R45 -> 0 | U45: =+U43 -> 0 | V45: 0 | W45: =+U45*V45 -> 0
B46: Proposed Add-on Factor (Fee) | C46: =+C44+E44 -> 0 | D46: 0 | E46: =+C46*D46 -> 0 | G46: =+G44+I44 -> 0 | H46: 0 | I46: =+G46*H46 -> 0 | L46: Proposed Add-on Factor (Fee) | M46: =+M44+O44 -> 0 | N46: 0 | O46: =+M46*N46 -> 0 | Q46: =+Q44+S44 -> 0 | R46: 0 | S46: =+Q46*R46 -> 0 | U46: =+U44+W44 -> 0 | V46: 0 | W46: =+U46*V46 -> 0
B47: Total Proposed Cost | E47: =+ROUND(SUM(E42:E44),0) -> 0 | I47: =+ROUND(SUM(I42:I44),0) -> 0 | L47: Total Proposed Target Cost | O47: =+ROUND(SUM(O42:O44),0) -> 0 | S47: =+ROUND(SUM(S42:S44),0) -> 0 | W47: =+ROUND(SUM(W42:W44),0) -> 0
B48: Total Proposed COM | E48: =+ROUND(E45,0) -> 0 | I48: =+ROUND(I45,0) -> 0 | L48: Total Proposed Target COM | O48: =+ROUND(O45,0) -> 0 | S48: =+ROUND(S45,0) -> 0 | W48: =+ROUND(W45,0) -> 0
B49: Total Proposed Fee | E49: =+ROUND(E46,0) -> 0 | I49: =+ROUND(I46,0) -> 0 | L49: Total Proposed Target Fee | O49: =+ROUND(O46,0) -> 0 | S49: =+ROUND(S46,0) -> 0 | W49: =+ROUND(W46,0) -> 0
B50: Total Proposed Price | E50: =SUM(E47:E49) -> 0 | I50: =SUM(I47:I49) -> 0 | L50: Total Proposed Target Price | O50: =SUM(O47:O49) -> 0 | S50: =SUM(S47:S49) -> 0 | W50: =SUM(W47:W49) -> 0
B52: =B39 -> CLINs 0002 & 1002: CPFF | C52: Proposed Prices (Other Direct Cost) | G52: Proposed Prices (Other Direct Cost) | M52: Proposed Prices (Other Direct Cost) | Q52: Proposed Prices (Other Direct Cost) | U52: Proposed Prices (Other Direct Cost)
C53: =C40 -> 0002: F-15 O-Level Handheld/Pre-load Tester Prototype design and digital development - Basic Period | G53: =G40 -> 1002: F-15 O-Level Handheld/Pre-load Tester EMD - Option Period 1 | M53: =M40 -> 2002: A-10 O-Level Handheld/Pre-load Tester EMD - Option Period 2 | Q53: =Q40 -> 3002: F-16 I-Level Fault Isolation Tester EMD - Option Period 3 | U53: =U40 -> 4002: A-10 I-Level Fault Isolation Tester EMD - Option Period 4
C54: Base | D54: Rates | E54: Cost | G54: Base | H54: Rates | I54: Cost | M54: Base | N54: Rates | O54: Cost | Q54: Base | R54: Rates | S54: Cost | U54: Base | V54: Rates | W54: Cost
B55: Total Proposed Other Direct Cost (ODC) | L55: Total Proposed Other Direct Cost (ODC)
B56: Proposed Add-on Factor (Overhead) | C56: =+E55 -> 0 | D56: 0 | E56: =+C56*D56 -> 0 | G56: =+I55 -> 0 | H56: 0 | I56: =+G56*H56 -> 0 | L56: Proposed Add-on Factor (Overhead) | M56: =+O55 -> 0 | N56: 0 | O56: =+M56*N56 -> 0 | Q56: =+S55 -> 0 | R56: 0 | S56: =+Q56*R56 -> 0 | U56: =+W55 -> 0 | V56: 0 | W56: =+U56*V56 -> 0
B57: Proposed Add-on Factor (G&A) | C57: =+C56+E56 -> 0 | D57: 0 | E57: =+C57*D57 -> 0 | G57: =+G56+I56 -> 0 | H57: 0 | I57: =+G57*H57 -> 0 | L57: Proposed Add-on Factor (G&A) | M57: =+M56+O56 -> 0 | N57: 0 | O57: =+M57*N57 -> 0 | Q57: =+Q56+S56 -> 0 | R57: 0 | S57: =+Q57*R57 -> 0 | U57: =+U56+W56 -> 0 | V57: 0 | W57: =+U57*V57 -> 0
B58: Proposed Add-on Factor (COM) | C58: =+C56 -> 0 | D58: 0 | E58: =+C58*D58 -> 0 | G58: =+G56 -> 0 | H58: 0 | I58: =+G58*H58 -> 0 | L58: Proposed Add-on Factor (COM) | M58: =+M56 -> 0 | N58: 0 | O58: =+M58*N58 -> 0 | Q58: =+Q56 -> 0 | R58: 0 | S58: =+Q58*R58 -> 0 | U58: =+U56 -> 0 | V58: 0 | W58: =+U58*V58 -> 0
B59: Proposed Add-on Factor (Fee) | C59: =+C57+E57 -> 0 | D59: 0 | E59: =+C59*D59 -> 0 | G59: =+G57+I57 -> 0 | H59: 0 | I59: =+G59*H59 -> 0 | L59: Proposed Add-on Factor (Fee) | M59: =+M57+O57 -> 0 | N59: 0 | O59: =+M59*N59 -> 0 | Q59: =+Q57+S57 -> 0 | R59: 0 | S59: =+Q59*R59 -> 0 | U59: =+U57+W57 -> 0 | V59: 0 | W59: =+U59*V59 -> 0
B60: Total Proposed Cost | E60: =+ROUND(SUM(E55:E57),0) -> 0 | I60: =+ROUND(SUM(I55:I57),0) -> 0 | L60: Total Proposed Target Cost | O60: =+ROUND(SUM(O55:O57),0) -> 0 | S60: =+ROUND(SUM(S55:S57),0) -> 0 | W60: =+ROUND(SUM(W55:W57),0) -> 0
B61: Total Proposed COM | E61: =+ROUND(E58,0) -> 0 | I61: =+ROUND(I58,0) -> 0 | L61: Total Proposed Target COM | O61: =+ROUND(O58,0) -> 0 | S61: =+ROUND(S58,0) -> 0 | W61: =+ROUND(W58,0) -> 0
B62: Total Proposed Fee | E62: =+ROUND(E59,0) -> 0 | I62: =+ROUND(I59,0) -> 0 | L62: Total Proposed Target Fee | O62: =+ROUND(O59,0) -> 0 | S62: =+ROUND(S59,0) -> 0 | W62: =+ROUND(W59,0) -> 0
B63: Total Proposed Price | E63: =SUM(E60:E62) -> 0 | I63: =SUM(I60:I62) -> 0 | L63: Total Proposed Target Price | O63: =SUM(O60:O62) -> 0 | S63: =SUM(S60:S62) -> 0 | W63: =SUM(W60:W62) -> 0
B66: =B52 -> CLINs 0002 & 1002: CPFF | C66: Proposed Prices (Labor, Material, and ODC) | G66: Proposed Prices (Labor, Material, and ODC) | M66: Proposed Prices (Labor, Material, and ODC) | Q66: Proposed Prices (Labor, Material, and ODC) | U66: Proposed Prices (Labor, Material, and ODC)
E67: CLIN 0002: Basic Period (CPFF) | I67: CLIN 1002: Option Period 1 (CPFF) | O67: CLIN 2002: Option Period 2 (CPIF) | S67: CLIN 3002: Option Period 3 (CPIF) | W67: CLIN 4002: Option Period 4 (CPIF)
B68: Total Proposed Cost | E68: =+ROUND(E33+E47+E60,0) -> 0 | I68: =+ROUND(I33+I47+I60,0) -> 0 | L68: Total Proposed Target Cost | O68: =+ROUND(O33+O47+O60,0) -> 0 | S68: =+ROUND(S33+S47+S60,0) -> 0 | W68: =+ROUND(W33+W47+W60,0) -> 0
B69: Total Proposed COM | E69: =+ROUND(E34+E48+E61,0) -> 0 | I69: =+ROUND(I34+I48+I61,0) -> 0 | L69: Total Proposed Target COM | O69: =+ROUND(O34+O48+O61,0) -> 0 | S69: =+ROUND(S34+S48+S61,0) -> 0 | W69: =+ROUND(W34+W48+W61,0) -> 0
B70: Total Proposed Fee | E70: =+ROUND(E35+E49+E62,0) -> 0 | I70: =+ROUND(I35+I49+I62,0) -> 0 | L70: Total Proposed Target Fee | O70: =+ROUND(O35+O49+O62,0) -> 0 | S70: =+ROUND(S35+S49+S62,0) -> 0 | W70: =+ROUND(W35+W49+W62,0) -> 0
B71: Total Proposed Price | E71: =SUM(E68:E70) -> 0 | I71: =SUM(I68:I70) -> 0 | L71: Total Proposed Target Price | O71: =SUM(O68:O70) -> 0 | S71: =SUM(S68:S70) -> 0 | W71: =SUM(W68:W70) -> 0

Sheet Cost Format A_CLIN X003
B1: Notes:
B2: 1. The format of this worksheet may be revised as required to be consistent with the major subcontractor's approved accounting system.
B3: 2. The Prime Offeror shall propose labor hours, material costs, and other direct costs in the yellow-highlighted cells below.
B4: 3. The Prime Offeror shall ensure the yellow-highlighted rate cells below are linked correctly from the relevant labor rate and add-on factors in the 'Cost Format B_PRIME Rates' worksheet.
B5: 4. The proposed factors will be applied to the proposed labor hours, material cost, and other direct costs.
B6: 5. Definitions of the labor categories and add-on factors are included in the 'Cost Format B_PRIME Rate Desc' worksheet.
B7: 6. Each CPFF/CPIF Cost, COM and Fee shall be rounded to the nearest whole dollar.
B10: CLINs 0003 & 1003: CPFF | C10: Proposed Prices (Labor) | G10: Proposed Prices (Labor) | L10: CLINs 2003 & 3003: CPIF | M10: Proposed Prices (Labor) | Q10: Proposed Prices (Labor)
C11: 0003: A-10 O-Level Handheld/Pre-load Tester Prototype design and digital development - Basic Period | G11: 1003: A-10 O-Level Handheld/Pre-load Tester EMD - Option Period 1 | M11: 2003: F-16 I-Level Fault Isolation Tester EMD - Option Period 2 | Q11: 3003: F-15 I-Level Fault Isolation Tester EMD - Option Period 3
B12: Labor Category | C12: Hours | D12: Rates | E12: Cost | G12: Hours | H12: Rates | I12: Cost | L12: Labor Category | M12: Hours | N12: Rates | O12: Cost | Q12: Hours | R12: Rates | S12: Cost
B13: Labor Category 1: [INSERT LABOR CATEGORY NAME HERE] | D13: 0 | E13: =+C13*D13 -> 0 | H13: 0 | I13: =+G13*H13 -> 0 | L13: Labor Category 1: [INSERT LABOR CATEGORY NAME HERE] | N13: 0 | O13: =+M13*N13 -> 0 | R13: 0 | S13: =+Q13*R13 -> 0
B14: Labor Category 2: [INSERT LABOR CATEGORY NAME HERE] | D14: 0 | E14: =+C14*D14 -> 0 | H14: 0 | I14: =+G14*H14 -> 0 | L14: Labor Category 2: [INSERT LABOR CATEGORY NAME HERE] | N14: 0 | O14: =+M14*N14 -> 0 | R14: 0 | S14: =+Q14*R14 -> 0
B15: Labor Category 3: [INSERT LABOR CATEGORY NAME HERE] | D15: 0 | E15: =+C15*D15 -> 0 | H15: 0 | I15: =+G15*H15 -> 0 | L15: Labor Category 3: [INSERT LABOR CATEGORY NAME HERE] | N15: 0 | O15: =+M15*N15 -> 0 | R15: 0 | S15: =+Q15*R15 -> 0
B16: Labor Category 4: [INSERT LABOR CATEGORY NAME HERE] | D16: 0 | E16: =+C16*D16 -> 0 | H16: 0 | I16: =+G16*H16 -> 0 | L16: Labor Category 4: [INSERT LABOR CATEGORY NAME HERE] | N16: 0 | O16: =+M16*N16 -> 0 | R16: 0 | S16: =+Q16*R16 -> 0
B17: Labor Category 5: [INSERT LABOR CATEGORY NAME HERE] | D17: 0 | E17: =+C17*D17 -> 0 | H17: 0 | I17: =+G17*H17 -> 0 | L17: Labor Category 5: [INSERT LABOR CATEGORY NAME HERE] | N17: 0 | O17: =+M17*N17 -> 0 | R17: 0 | S17: =+Q17*R17 -> 0
B18: Labor Category 6: [INSERT LABOR CATEGORY NAME HERE] | D18: 0 | E18: =+C18*D18 -> 0 | H18: 0 | I18: =+G18*H18 -> 0 | L18: Labor Category 6: [INSERT LABOR CATEGORY NAME HERE] | N18: 0 | O18: =+M18*N18 -> 0 | R18: 0 | S18: =+Q18*R18 -> 0
B19: Labor Category 7: [INSERT LABOR CATEGORY NAME HERE] | D19: 0 | E19: =+C19*D19 -> 0 | H19: 0 | I19: =+G19*H19 -> 0 | L19: Labor Category 7: [INSERT LABOR CATEGORY NAME HERE] | N19: 0 | O19: =+M19*N19 -> 0 | R19: 0 | S19: =+Q19*R19 -> 0
B20: Labor Category 8: [INSERT LABOR CATEGORY NAME HERE] | D20: 0 | E20: =+C20*D20 -> 0 | H20: 0 | I20: =+G20*H20 -> 0 | L20: Labor Category 8: [INSERT LABOR CATEGORY NAME HERE] | N20: 0 | O20: =+M20*N20 -> 0 | R20: 0 | S20: =+Q20*R20 -> 0
B21: Labor Category 9: [INSERT LABOR CATEGORY NAME HERE] | D21: 0 | E21: =+C21*D21 -> 0 | H21: 0 | I21: =+G21*H21 -> 0 | L21: Labor Category 9: [INSERT LABOR CATEGORY NAME HERE] | N21: 0 | O21: =+M21*N21 -> 0 | R21: 0 | S21: =+Q21*R21 -> 0
B22: Labor Category 10: [INSERT LABOR CATEGORY NAME HERE] | D22: 0 | E22: =+C22*D22 -> 0 | H22: 0 | I22: =+G22*H22 -> 0 | L22: Labor Category 10: [INSERT LABOR CATEGORY NAME HERE] | N22: 0 | O22: =+M22*N22 -> 0 | R22: 0 | S22: =+Q22*R22 -> 0
B23: Labor Category 11: [INSERT LABOR CATEGORY NAME HERE] | D23: 0 | E23: =+C23*D23 -> 0 | H23: 0 | I23: =+G23*H23 -> 0 | L23: Labor Category 11: [INSERT LABOR CATEGORY NAME HERE] | N23: 0 | O23: =+M23*N23 -> 0 | R23: 0 | S23: =+Q23*R23 -> 0
B24: Labor Category 12: [INSERT LABOR CATEGORY NAME HERE] | D24: 0 | E24: =+C24*D24 -> 0 | H24: 0 | I24: =+G24*H24 -> 0 | L24: Labor Category 12: [INSERT LABOR CATEGORY NAME HERE] | N24: 0 | O24: =+M24*N24 -> 0 | R24: 0 | S24: =+Q24*R24 -> 0
B25: Labor Category 13: [INSERT LABOR CATEGORY NAME HERE] | D25: 0 | E25: =+C25*D25 -> 0 | H25: 0 | I25: =+G25*H25 -> 0 | L25: Labor Category 13: [INSERT LABOR CATEGORY NAME HERE] | N25: 0 | O25: =+M25*N25 -> 0 | R25: 0 | S25: =+Q25*R25 -> 0
B26: TOTAL HOURS/COST | C26: =SUM(C13:C25) -> 0 | E26: =SUM(E13:E25) -> 0 | G26: =SUM(G13:G25) -> 0 | I26: =SUM(I13:I25) -> 0 | L26: TOTAL HOURS/COST | M26: =SUM(M13:M25) -> 0 | O26: =SUM(O13:O25) -> 0 | Q26: =SUM(Q13:Q25) -> 0 | S26: =SUM(S13:S25) -> 0
C27: Base | D27: Rates | E27: Cost | G27: Base | H27: Rates | I27: Cost | M27: Base | N27: Rates | O27: Cost | Q27: Base | R27: Rates | S27: Cost
B28: Proposed Add-on Factor (Fringe) | C28: =+E26 -> 0 | D28: 0 | E28: =+C28*D28 -> 0 | G28: =+I26 -> 0 | H28: 0 | I28: =+G28*H28 -> 0 | L28: Proposed Add-on Factor (Fringe) | M28: =+O26 -> 0 | N28: 0 | O28: =+M28*N28 -> 0 | Q28: =+S26 -> 0 | R28: 0 | S28: =+Q28*R28 -> 0
B29: Proposed Add-on Factor (Overhead) | C29: =+C28+E28 -> 0 | D29: 0 | E29: =+C29*D29 -> 0 | G29: =+G28+I28 -> 0 | H29: 0 | I29: =+G29*H29 -> 0 | L29: Proposed Add-on Factor (Overhead) | M29: =+M28+O28 -> 0 | N29: 0 | O29: =+M29*N29 -> 0 | Q29: =+Q28+S28 -> 0 | R29: 0 | S29: =+Q29*R29 -> 0
B30: Proposed Add-on Factor (G&A) | C30: =+C29+E29 -> 0 | D30: 0 | E30: =+C30*D30 -> 0 | G30: =+G29+I29 -> 0 | H30: 0 | I30: =+G30*H30 -> 0 | L30: Proposed Add-on Factor (G&A) | M30: =+M29+O29 -> 0 | N30: 0 | O30: =+M30*N30 -> 0 | Q30: =+Q29+S29 -> 0 | R30: 0 | S30: =+Q30*R30 -> 0
B31: Proposed Add-on Factor (COM) | C31: =+C28 -> 0 | D31: 0 | E31: =+C31*D31 -> 0 | G31: =+G28 -> 0 | H31: 0 | I31: =+G31*H31 -> 0 | L31: Proposed Add-on Factor (COM) | M31: =+M28 -> 0 | N31: 0 | O31: =+M31*N31 -> 0 | Q31: =+Q28 -> 0 | R31: 0 | S31: =+Q31*R31 -> 0
B32: Proposed Add-on Factor (Fee) | C32: =+C30+E30 -> 0 | D32: 0 | E32: =+C32*D32 -> 0 | G32: =+G30+I30 -> 0 | H32: 0 | I32: =+G32*H32 -> 0 | L32: Proposed Add-on Factor (Fee) | M32: =+M30+O30 -> 0 | N32: 0 | O32: =+M32*N32 -> 0 | Q32: =+Q30+S30 -> 0 | R32: 0 | S32: =+Q32*R32 -> 0
B33: Total Proposed Cost | E33: =+SUM(E26,E28,E29,E30) -> 0 | I33: =+SUM(I26,I28,I29,I30) -> 0 | L33: Total Proposed Target Cost | O33: =+SUM(O26,O28,O29,O30) -> 0 | S33: =+SUM(S26,S28,S29,S30) -> 0
B34: Total Proposed COM | E34: =+E31 -> 0 | I34: =+I31 -> 0 | L34: Total Proposed Target COM | O34: =+O31 -> 0 | S34: =+S31 -> 0
B35: Total Proposed Fee | E35: =+E32 -> 0 | I35: =+I32 -> 0 | L35: Total Proposed Target Fee | O35: =+O32 -> 0 | S35: =+S32 -> 0
B36: Total Proposed Price | E36: =SUM(E33:E35) -> 0 | I36: =SUM(I33:I35) -> 0 | L36: Total Proposed Target Price | O36: =SUM(O33:O35) -> 0 | S36: =SUM(S33:S35) -> 0
B39: =B10 -> CLINs 0003 & 1003: CPFF | C39: Proposed Prices (Material) | G39: Proposed Prices (Material) | M39: Proposed Prices (Material) | Q39: Proposed Prices (Material)
C40: =C11 -> 0003: A-10 O-Level Handheld/Pre-load Tester Prototype design and digital development - Basic Period | G40: =G11 -> 1003: A-10 O-Level Handheld/Pre-load Tester EMD - Option Period 1 | M40: =M11 -> 2003: F-16 I-Level Fault Isolation Tester EMD - Option Period 2 | Q40: =Q11 -> 3003: F-15 I-Level Fault Isolation Tester EMD - Option Period 3
C41: Base | D41: Rates | E41: Cost | G41: Base | H41: Rates | I41: Cost | M41: Base | N41: Rates | O41: Cost | Q41: Base | R41: Rates | S41: Cost
B42: Total Proposed Material Cost | L42: Total Proposed Material Cost
B43: Proposed Add-on Factor (Overhead) | C43: =+E42 -> 0 | D43: 0 | E43: =+C43*D43 -> 0 | G43: =+I42 -> 0 | H43: 0 | I43: =+G43*H43 -> 0 | L43: Proposed Add-on Factor (Overhead) | M43: =+O42 -> 0 | N43: 0 | O43: =+M43*N43 -> 0 | Q43: =+S42 -> 0 | R43: 0 | S43: =+Q43*R43 -> 0
B44: Proposed Add-on Factor (G&A) | C44: =+C43+E43 -> 0 | D44: 0 | E44: =+C44*D44 -> 0 | G44: =+G43+I43 -> 0 | H44: 0 | I44: =+G44*H44 -> 0 | L44: Proposed Add-on Factor (G&A) | M44: =+M43+O43 -> 0 | N44: 0 | O44: =+M44*N44 -> 0 | Q44: =+Q43+S43 -> 0 | R44: 0 | S44: =+Q44*R44 -> 0
B45: Proposed Add-on Factor (COM) | C45: =+C43 -> 0 | D45: 0 | E45: =+C45*D45 -> 0 | G45: =+G43 -> 0 | H45: 0 | I45: =+G45*H45 -> 0 | L45: Proposed Add-on Factor (COM) | M45: =+M43 -> 0 | N45: 0 | O45: =+M45*N45 -> 0 | Q45: =+Q43 -> 0 | R45: 0 | S45: =+Q45*R45 -> 0
B46: Proposed Add-on Factor (Fee) | C46: =+C44+E44 -> 0 | D46: 0 | E46: =+C46*D46 -> 0 | G46: =+G44+I44 -> 0 | H46: 0 | I46: =+G46*H46 -> 0 | L46: Proposed Add-on Factor (Fee) | M46: =+M44+O44 -> 0 | N46: 0 | O46: =+M46*N46 -> 0 | Q46: =+Q44+S44 -> 0 | R46: 0 | S46: =+Q46*R46 -> 0
B47: Total Proposed Cost | E47: =+ROUND(SUM(E42:E44),0) -> 0 | I47: =+ROUND(SUM(I42:I44),0) -> 0 | L47: Total Proposed Target Cost | O47: =+ROUND(SUM(O42:O44),0) -> 0 | S47: =+ROUND(SUM(S42:S44),0) -> 0
B48: Total Proposed COM | E48: =+ROUND(E45,0) -> 0 | I48: =+ROUND(I45,0) -> 0 | L48: Total Proposed Target COM | O48: =+ROUND(O45,0) -> 0 | S48: =+ROUND(S45,0) -> 0
B49: Total Proposed Fee | E49: =+ROUND(E46,0) -> 0 | I49: =+ROUND(I46,0) -> 0 | L49: Total Proposed Target Fee | O49: =+ROUND(O46,0) -> 0 | S49: =+ROUND(S46,0) -> 0
B50: Total Proposed Price | E50: =SUM(E47:E49) -> 0 | I50: =SUM(I47:I49) -> 0 | L50: Total Proposed Target Price | O50: =SUM(O47:O49) -> 0 | S50: =SUM(S47:S49) -> 0
B52: =B39 -> CLINs 0003 & 1003: CPFF | C52: Proposed Prices (Other Direct Cost) | G52: Proposed Prices (Other Direct Cost) | M52: Proposed Prices (Other Direct Cost) | Q52: Proposed Prices (Other Direct Cost)
C53: =C40 -> 0003: A-10 O-Level Handheld/Pre-load Tester Prototype design and digital development - Basic Period | G53: =G40 -> 1003: A-10 O-Level Handheld/Pre-load Tester EMD - Option Period 1 | M53: =M40 -> 2003: F-16 I-Level Fault Isolation Tester EMD - Option Period 2 | Q53: =Q40 -> 3003: F-15 I-Level Fault Isolation Tester EMD - Option Period 3
C54: Base | D54: Rates | E54: Cost | G54: Base | H54: Rates | I54: Cost | M54: Base | N54: Rates | O54: Cost | Q54: Base | R54: Rates | S54: Cost
B55: Total Proposed Other Direct Cost (ODC) | L55: Total Proposed Other Direct Cost (ODC)
B56: Proposed Add-on Factor (Overhead) | C56: =+E55 -> 0 | D56: 0 | E56: =+C56*D56 -> 0 | G56: =+I55 -> 0 | H56: 0 | I56: =+G56*H56 -> 0 | L56: Proposed Add-on Factor (Overhead) | M56: =+O55 -> 0 | N56: 0 | O56: =+M56*N56 -> 0 | Q56: =+S55 -> 0 | R56: 0 | S56: =+Q56*R56 -> 0
B57: Proposed Add-on Factor (G&A) | C57: =+C56+E56 -> 0 | D57: 0 | E57: =+C57*D57 -> 0 | G57: =+G56+I56 -> 0 | H57: 0 | I57: =+G57*H57 -> 0 | L57: Proposed Add-on Factor (G&A) | M57: =+M56+O56 -> 0 | N57: 0 | O57: =+M57*N57 -> 0 | Q57: =+Q56+S56 -> 0 | R57: 0 | S57: =+Q57*R57 -> 0
B58: Proposed Add-on Factor (COM) | C58: =+C56 -> 0 | D58: 0 | E58: =+C58*D58 -> 0 | G58: =+G56 -> 0 | H58: 0 | I58: =+G58*H58 -> 0 | L58: Proposed Add-on Factor (COM) | M58: =+M56 -> 0 | N58: 0 | O58: =+M58*N58 -> 0 | Q58: =+Q56 -> 0 | R58: 0 | S58: =+Q58*R58 -> 0
B59: Proposed Add-on Factor (Fee) | C59: =+C57+E57 -> 0 | D59: 0 | E59: =+C59*D59 -> 0 | G59: =+G57+I57 -> 0 | H59: 0 | I59: =+G59*H59 -> 0 | L59: Proposed Add-on Factor (Fee) | M59: =+M57+O57 -> 0 | N59: 0 | O59: =+M59*N59 -> 0 | Q59: =+Q57+S57 -> 0 | R59: 0 | S59: =+Q59*R59 -> 0
B60: Total Proposed Cost | E60: =+ROUND(SUM(E55:E57),0) -> 0 | I60: =+ROUND(SUM(I55:I57),0) -> 0 | L60: Total Proposed Target Cost | O60: =+ROUND(SUM(O55:O57),0) -> 0 | S60: =+ROUND(SUM(S55:S57),0) -> 0
B61: Total Proposed COM | E61: =+ROUND(E58,0) -> 0 | I61: =+ROUND(I58,0) -> 0 | L61: Total Proposed Target COM | O61: =+ROUND(O58,0) -> 0 | S61: =+ROUND(S58,0) -> 0
B62: Total Proposed Fee | E62: =+ROUND(E59,0) -> 0 | I62: =+ROUND(I59,0) -> 0 | L62: Total Proposed Target Fee | O62: =+ROUND(O59,0) -> 0 | S62: =+ROUND(S59,0) -> 0
B63: Total Proposed Price | E63: =SUM(E60:E62) -> 0 | I63: =SUM(I60:I62) -> 0 | L63: Total Proposed Target Price | O63: =SUM(O60:O62) -> 0 | S63: =SUM(S60:S62) -> 0
B66: =B52 -> CLINs 0003 & 1003: CPFF | C66: Proposed Prices (Labor, Material, and ODC) | G66: Proposed Prices (Labor, Material, and ODC) | M66: Proposed Prices (Labor, Material, and ODC) | Q66: Proposed Prices (Labor, Material, and ODC)
E67: CLIN 0003: Basic Period (CPFF) | I67: CLIN 1003: Option Period 1 (CPFF) | O67: CLIN 2003: Option Period 2 (CPIF) | S67: CLIN 3003: Option Period 3 (CPIF)
B68: Total Proposed Cost | E68: =+ROUND(E33+E47+E60,0) -> 0 | I68: =+ROUND(I33+I47+I60,0) -> 0 | L68: Total Proposed Target Cost | O68: =+ROUND(O33+O47+O60,0) -> 0 | S68: =+ROUND(S33+S47+S60,0) -> 0
B69: Total Proposed COM | E69: =+ROUND(E34+E48+E61,0) -> 0 | I69: =+ROUND(I34+I48+I61,0) -> 0 | L69: Total Proposed Target COM | O69: =+ROUND(O34+O48+O61,0) -> 0 | S69: =+ROUND(S34+S48+S61,0) -> 0
B70: Total Proposed Fee | E70: =+ROUND(E35+E49+E62,0) -> 0 | I70: =+ROUND(I35+I49+I62,0) -> 0 | L70: Total Proposed Target Fee | O70: =+ROUND(O35+O49+O62,0) -> 0 | S70: =+ROUND(S35+S49+S62,0) -> 0
B71: Total Proposed Price | E71: =SUM(E68:E70) -> 0 | I71: =SUM(I68:I70) -> 0 | L71: Total Proposed Target Price | O71: =SUM(O68:O70) -> 0 | S71: =SUM(S68:S70) -> 0

Sheet Cost Format A_CLIN X004
B1: Notes:
B2: 1. The format of this worksheet may be revised as required to be consistent with the major subcontractor's approved accounting system.
B3: 2. The Prime Offeror shall propose labor hours, material costs, and other direct costs in the yellow-highlighted cells below.
B4: 3. The Prime Offeror shall ensure the yellow-highlighted rate cells below are linked correctly from the relevant labor rate and add-on factors in the 'Cost Format B_PRIME Rates' worksheet.
B5: 4. The proposed factors will be applied to the proposed labor hours, material cost, and other direct costs.
B6: 5. Definitions of the labor categories and add-on factors are included in the 'Cost Format B_PRIME Rate Desc' worksheet.
B7: 6. Each CPFF/CPIF Cost, COM and Fee shall be rounded to the nearest whole dollar.
B10: CLINs 0004 & 1004: CPFF | C10: Proposed Prices (Labor) | G10: Proposed Prices (Labor) | L10: CLINs 2004 & 3004: CPIF | M10: Proposed Prices (Labor) | Q10: Proposed Prices (Labor)
C11: 0004: F-16 I-Level Fault Isolation Tester design and digital development - Basic Period | G11: 1004: F-16 I-Level Fault Isolation Tester EMD - Option Period 1 | M11: 2004: F-15 I-Level Fault Isolation Tester EMD - Option Period 2 | Q11: 3004: A-10 I-Level Fault Isolation Tester EMD - Option Period 3
B12: Labor Category | C12: Hours | D12: Rates | E12: Cost | G12: Hours | H12: Rates | I12: Cost | L12: Labor Category | M12: Hours | N12: Rates | O12: Cost | Q12: Hours | R12: Rates | S12: Cost
B13: Labor Category 1: [INSERT LABOR CATEGORY NAME HERE] | D13: 0 | E13: =+C13*D13 -> 0 | H13: 0 | I13: =+G13*H13 -> 0 | L13: Labor Category 1: [INSERT LABOR CATEGORY NAME HERE] | N13: 0 | O13: =+M13*N13 -> 0 | R13: 0 | S13: =+Q13*R13 -> 0
B14: Labor Category 2: [INSERT LABOR CATEGORY NAME HERE] | D14: 0 | E14: =+C14*D14 -> 0 | H14: 0 | I14: =+G14*H14 -> 0 | L14: Labor Category 2: [INSERT LABOR CATEGORY NAME HERE] | N14: 0 | O14: =+M14*N14 -> 0 | R14: 0 | S14: =+Q14*R14 -> 0
B15: Labor Category 3: [INSERT LABOR CATEGORY NAME HERE] | D15: 0 | E15: =+C15*D15 -> 0 | H15: 0 | I15: =+G15*H15 -> 0 | L15: Labor Category 3: [INSERT LABOR CATEGORY NAME HERE] | N15: 0 | O15: =+M15*N15 -> 0 | R15: 0 | S15: =+Q15*R15 -> 0
B16: Labor Category 4: [INSERT LABOR CATEGORY NAME HERE] | D16: 0 | E16: =+C16*D16 -> 0 | H16: 0 | I16: =+G16*H16 -> 0 | L16: Labor Category 4: [INSERT LABOR CATEGORY NAME HERE] | N16: 0 | O16: =+M16*N16 -> 0 | R16: 0 | S16: =+Q16*R16 -> 0
B17: Labor Category 5: [INSERT LABOR CATEGORY NAME HERE] | D17: 0 | E17: =+C17*D17 -> 0 | H17: 0 | I17: =+G17*H17 -> 0 | L17: Labor Category 5: [INSERT LABOR CATEGORY NAME HERE] | N17: 0 | O17: =+M17*N17 -> 0 | R17: 0 | S17: =+Q17*R17 -> 0
B18: Labor Category 6: [INSERT LABOR CATEGORY NAME HERE] | D18: 0 | E18: =+C18*D18 -> 0 | H18: 0 | I18: =+G18*H18 -> 0 | L18: Labor Category 6: [INSERT LABOR CATEGORY NAME HERE] | N18: 0 | O18: =+M18*N18 -> 0 | R18: 0 | S18: =+Q18*R18 -> 0
B19: Labor Category 7: [INSERT LABOR CATEGORY NAME HERE] | D19: 0 | E19: =+C19*D19 -> 0 | H19: 0 | I19: =+G19*H19 -> 0 | L19: Labor Category 7: [INSERT LABOR CATEGORY NAME HERE] | N19: 0 | O19: =+M19*N19 -> 0 | R19: 0 | S19: =+Q19*R19 -> 0
B20: Labor Category 8: [INSERT LABOR CATEGORY NAME HERE] | D20: 0 | E20: =+C20*D20 -> 0 | H20: 0 | I20: =+G20*H20 -> 0 | L20: Labor Category 8: [INSERT LABOR CATEGORY NAME HERE] | N20: 0 | O20: =+M20*N20 -> 0 | R20: 0 | S20: =+Q20*R20 -> 0
B21: Labor Category 9: [INSERT LABOR CATEGORY NAME HERE] | D21: 0 | E21: =+C21*D21 -> 0 | H21: 0 | I21: =+G21*H21 -> 0 | L21: Labor Category 9: [INSERT LABOR CATEGORY NAME HERE] | N21: 0 | O21: =+M21*N21 -> 0 | R21: 0 | S21: =+Q21*R21 -> 0
B22: Labor Category 10: [INSERT LABOR CATEGORY NAME HERE] | D22: 0 | E22: =+C22*D22 -> 0 | H22: 0 | I22: =+G22*H22 -> 0 | L22: Labor Category 10: [INSERT LABOR CATEGORY NAME HERE] | N22: 0 | O22: =+M22*N22 -> 0 | R22: 0 | S22: =+Q22*R22 -> 0
B23: Labor Category 11: [INSERT LABOR CATEGORY NAME HERE] | D23: 0 | E23: =+C23*D23 -> 0 | H23: 0 | I23: =+G23*H23 -> 0 | L23: Labor Category 11: [INSERT LABOR CATEGORY NAME HERE] | N23: 0 | O23: =+M23*N23 -> 0 | R23: 0 | S23: =+Q23*R23 -> 0
B24: Labor Category 12: [INSERT LABOR CATEGORY NAME HERE] | D24: 0 | E24: =+C24*D24 -> 0 | H24: 0 | I24: =+G24*H24 -> 0 | L24: Labor Category 12: [INSERT LABOR CATEGORY NAME HERE] | N24: 0 | O24: =+M24*N24 -> 0 | R24: 0 | S24: =+Q24*R24 -> 0
B25: Labor Category 13: [INSERT LABOR CATEGORY NAME HERE] | D25: 0 | E25: =+C25*D25 -> 0 | H25: 0 | I25: =+G25*H25 -> 0 | L25: Labor Category 13: [INSERT LABOR CATEGORY NAME HERE] | N25: 0 | O25: =+M25*N25 -> 0 | R25: 0 | S25: =+Q25*R25 -> 0
B26: TOTAL HOURS/COST | C26: =SUM(C13:C25) -> 0 | E26: =SUM(E13:E25) -> 0 | G26: =SUM(G13:G25) -> 0 | I26: =SUM(I13:I25) -> 0 | L26: TOTAL HOURS/COST | M26: =SUM(M13:M25) -> 0 | O26: =SUM(O13:O25) -> 0 | Q26: =SUM(Q13:Q25) -> 0 | S26: =SUM(S13:S25) -> 0
C27: Base | D27: Rates | E27: Cost | G27: Base | H27: Rates | I27: Cost | M27: Base | N27: Rates | O27: Cost | Q27: Base | R27: Rates | S27: Cost
B28: Proposed Add-on Factor (Fringe) | C28: =+E26 -> 0 | D28: 0 | E28: =+C28*D28 -> 0 | G28: =+I26 -> 0 | H28: 0 | I28: =+G28*H28 -> 0 | L28: Proposed Add-on Factor (Fringe) | M28: =+O26 -> 0 | N28: 0 | O28: =+M28*N28 -> 0 | Q28: =+S26 -> 0 | R28: 0 | S28: =+Q28*R28 -> 0
B29: Proposed Add-on Factor (Overhead) | C29: =+C28+E28 -> 0 | D29: 0 | E29: =+C29*D29 -> 0 | G29: =+G28+I28 -> 0 | H29: 0 | I29: =+G29*H29 -> 0 | L29: Proposed Add-on Factor (Overhead) | M29: =+M28+O28 -> 0 | N29: 0 | O29: =+M29*N29 -> 0 | Q29: =+Q28+S28 -> 0 | R29: 0 | S29: =+Q29*R29 -> 0
B30: Proposed Add-on Factor (G&A) | C30: =+C29+E29 -> 0 | D30: 0 | E30: =+C30*D30 -> 0 | G30: =+G29+I29 -> 0 | H30: 0 | I30: =+G30*H30 -> 0 | L30: Proposed Add-on Factor (G&A) | M30: =+M29+O29 -> 0 | N30: 0 | O30: =+M30*N30 -> 0 | Q30: =+Q29+S29 -> 0 | R30: 0 | S30: =+Q30*R30 -> 0
B31: Proposed Add-on Factor (COM) | C31: =+C28 -> 0 | D31: 0 | E31: =+C31*D31 -> 0 | G31: =+G28 -> 0 | H31: 0 | I31: =+G31*H31 -> 0 | L31: Proposed Add-on Factor (COM) | M31: =+M28 -> 0 | N31: 0 | O31: =+M31*N31 -> 0 | Q31: =+Q28 -> 0 | R31: 0 | S31: =+Q31*R31 -> 0
B32: Proposed Add-on Factor (Fee) | C32: =+C30+E30 -> 0 | D32: 0 | E32: =+C32*D32 -> 0 | G32: =+G30+I30 -> 0 | H32: 0 | I32: =+G32*H32 -> 0 | L32: Proposed Add-on Factor (Fee) | M32: =+M30+O30 -> 0 | N32: 0 | O32: =+M32*N32 -> 0 | Q32: =+Q30+S30 -> 0 | R32: 0 | S32: =+Q32*R32 -> 0
B33: Total Proposed Cost | E33: =+SUM(E26,E28,E29,E30) -> 0 | I33: =+SUM(I26,I28,I29,I30) -> 0 | L33: Total Proposed Target Cost | O33: =+SUM(O26,O28,O29,O30) -> 0 | S33: =+SUM(S26,S28,S29,S30) -> 0
B34: Total Proposed COM | E34: =+E31 -> 0 | I34: =+I31 -> 0 | L34: Total Proposed Target COM | O34: =+O31 -> 0 | S34: =+S31 -> 0
B35: Total Proposed Fee | E35: =+E32 -> 0 | I35: =+I32 -> 0 | L35: Total Proposed Target Fee | O35: =+O32 -> 0 | S35: =+S32 -> 0
B36: Total Proposed Price | E36: =SUM(E33:E35) -> 0 | I36: =SUM(I33:I35) -> 0 | L36: Total Proposed Target Price | O36: =SUM(O33:O35) -> 0 | S36: =SUM(S33:S35) -> 0
B39: =B10 -> CLINs 0004 & 1004: CPFF | C39: Proposed Prices (Material) | G39: Proposed Prices (Material) | M39: Proposed Prices (Material) | Q39: Proposed Prices (Material)
C40: =C11 -> 0004: F-16 I-Level Fault Isolation Tester design and digital development - Basic Period | G40: =G11 -> 1004: F-16 I-Level Fault Isolation Tester EMD - Option Period 1 | M40: =M11 -> 2004: F-15 I-Level Fault Isolation Tester EMD - Option Period 2 | Q40: =Q11 -> 3004: A-10 I-Level Fault Isolation Tester EMD - Option Period 3
C41: Base | D41: Rates | E41: Cost | G41: Base | H41: Rates | I41: Cost | M41: Base | N41: Rates | O41: Cost | Q41: Base | R41: Rates | S41: Cost
B42: Total Proposed Material Cost | L42: Total Proposed Material Cost
B43: Proposed Add-on Factor (Overhead) | C43: =+E42 -> 0 | D43: 0 | E43: =+C43*D43 -> 0 | G43: =+I42 -> 0 | H43: 0 | I43: =+G43*H43 -> 0 | L43: Proposed Add-on Factor (Overhead) | M43: =+O42 -> 0 | N43: 0 | O43: =+M43*N43 -> 0 | Q43: =+S42 -> 0 | R43: 0 | S43: =+Q43*R43 -> 0
B44: Proposed Add-on Factor (G&A) | C44: =+C43+E43 -> 0 | D44: 0 | E44: =+C44*D44 -> 0 | G44: =+G43+I43 -> 0 | H44: 0 | I44: =+G44*H44 -> 0 | L44: Proposed Add-on Factor (G&A) | M44: =+M43+O43 -> 0 | N44: 0 | O44: =+M44*N44 -> 0 | Q44: =+Q43+S43 -> 0 | R44: 0 | S44: =+Q44*R44 -> 0
B45: Proposed Add-on Factor (COM) | C45: =+C43 -> 0 | D45: 0 | E45: =+C45*D45 -> 0 | G45: =+G43 -> 0 | H45: 0 | I45: =+G45*H45 -> 0 | L45: Proposed Add-on Factor (COM) | M45: =+M43 -> 0 | N45: 0 | O45: =+M45*N45 -> 0 | Q45: =+Q43 -> 0 | R45: 0 | S45: =+Q45*R45 -> 0
B46: Proposed Add-on Factor (Fee) | C46: =+C44+E44 -> 0 | D46: 0 | E46: =+C46*D46 -> 0 | G46: =+G44+I44 -> 0 | H46: 0 | I46: =+G46*H46 -> 0 | L46: Proposed Add-on Factor (Fee) | M46: =+M44+O44 -> 0 | N46: 0 | O46: =+M46*N46 -> 0 | Q46: =+Q44+S44 -> 0 | R46: 0 | S46: =+Q46*R46 -> 0
B47: Total Proposed Cost | E47: =+ROUND(SUM(E42:E44),0) -> 0 | I47: =+ROUND(SUM(I42:I44),0) -> 0 | L47: Total Proposed Target Cost | O47: =+ROUND(SUM(O42:O44),0) -> 0 | S47: =+ROUND(SUM(S42:S44),0) -> 0
B48: Total Proposed COM | E48: =+ROUND(E45,0) -> 0 | I48: =+ROUND(I45,0) -> 0 | L48: Total Proposed Target COM | O48: =+ROUND(O45,0) -> 0 | S48: =+ROUND(S45,0) -> 0
B49: Total Proposed Fee | E49: =+ROUND(E46,0) -> 0 | I49: =+ROUND(I46,0) -> 0 | L49: Total Proposed Target Fee | O49: =+ROUND(O46,0) -> 0 | S49: =+ROUND(S46,0) -> 0
B50: Total Proposed Price | E50: =SUM(E47:E49) -> 0 | I50: =SUM(I47:I49) -> 0 | L50: Total Proposed Target Price | O50: =SUM(O47:O49) -> 0 | S50: =SUM(S47:S49) -> 0
B52: =B39 -> CLINs 0004 & 1004: CPFF | C52: Proposed Prices (Other Direct Cost) | G52: Proposed Prices (Other Direct Cost) | M52: Proposed Prices (Other Direct Cost) | Q52: Proposed Prices (Other Direct Cost)
C53: =C40 -> 0004: F-16 I-Level Fault Isolation Tester design and digital development - Basic Period | G53: =G40 -> 1004: F-16 I-Level Fault Isolation Tester EMD - Option Period 1 | M53: =M40 -> 2004: F-15 I-Level Fault Isolation Tester EMD - Option Period 2 | Q53: =Q40 -> 3004: A-10 I-Level Fault Isolation Tester EMD - Option Period 3
C54: Base | D54: Rates | E54: Cost | G54: Base | H54: Rates | I54: Cost | M54: Base | N54: Rates | O54: Cost | Q54: Base | R54: Rates | S54: Cost
B55: Total Proposed Other Direct Cost (ODC) | L55: Total Proposed Other Direct Cost (ODC)
B56: Proposed Add-on Factor (Overhead) | C56: =+E55 -> 0 | D56: 0 | E56: =+C56*D56 -> 0 | G56: =+I55 -> 0 | H56: 0 | I56: =+G56*H56 -> 0 | L56: Proposed Add-on Factor (Overhead) | M56: =+O55 -> 0 | N56: 0 | O56: =+M56*N56 -> 0 | Q56: =+S55 -> 0 | R56: 0 | S56: =+Q56*R56 -> 0
B57: Proposed Add-on Factor (G&A) | C57: =+C56+E56 -> 0 | D57: 0 | E57: =+C57*D57 -> 0 | G57: =+G56+I56 -> 0 | H57: 0 | I57: =+G57*H57 -> 0 | L57: Proposed Add-on Factor (G&A) | M57: =+M56+O56 -> 0 | N57: 0 | O57: =+M57*N57 -> 0 | Q57: =+Q56+S56 -> 0 | R57: 0 | S57: =+Q57*R57 -> 0
B58: Proposed Add-on Factor (COM) | C58: =+C56 -> 0 | D58: 0 | E58: =+C58*D58 -> 0 | G58: =+G56 -> 0 | H58: 0 | I58: =+G58*H58 -> 0 | L58: Proposed Add-on Factor (COM) | M58: =+M56 -> 0 | N58: 0 | O58: =+M58*N58 -> 0 | Q58: =+Q56 -> 0 | R58: 0 | S58: =+Q58*R58 -> 0
B59: Proposed Add-on Factor (Fee) | C59: =+C57+E57 -> 0 | D59: 0 | E59: =+C59*D59 -> 0 | G59: =+G57+I57 -> 0 | H59: 0 | I59: =+G59*H59 -> 0 | L59: Proposed Add-on Factor (Fee) | M59: =+M57+O57 -> 0 | N59: 0 | O59: =+M59*N59 -> 0 | Q59: =+Q57+S57 -> 0 | R59: 0 | S59: =+Q59*R59 -> 0
B60: Total Proposed Cost | E60: =+ROUND(SUM(E55:E57),0) -> 0 | I60: =+ROUND(SUM(I55:I57),0) -> 0 | L60: Total Proposed Target Cost | O60: =+ROUND(SUM(O55:O57),0) -> 0 | S60: =+ROUND(SUM(S55:S57),0) -> 0
B61: Total Proposed COM | E61: =+ROUND(E58,0) -> 0 | I61: =+ROUND(I58,0) -> 0 | L61: Total Proposed Target COM | O61: =+ROUND(O58,0) -> 0 | S61: =+ROUND(S58,0) -> 0
B62: Total Proposed Fee | E62: =+ROUND(E59,0) -> 0 | I62: =+ROUND(I59,0) -> 0 | L62: Total Proposed Target Fee | O62: =+ROUND(O59,0) -> 0 | S62: =+ROUND(S59,0) -> 0
B63: Total Proposed Price | E63: =SUM(E60:E62) -> 0 | I63: =SUM(I60:I62) -> 0 | L63: Total Proposed Target Price | O63: =SUM(O60:O62) -> 0 | S63: =SUM(S60:S62) -> 0
B66: =B52 -> CLINs 0004 & 1004: CPFF | C66: Proposed Prices (Labor, Material, and ODC) | G66: Proposed Prices (Labor, Material, and ODC) | M66: Proposed Prices (Labor, Material, and ODC) | Q66: Proposed Prices (Labor, Material, and ODC)
E67: CLIN 0004: Basic Period (CPFF) | I67: CLIN 1004: Option Period 1 (CPFF) | O67: CLIN 2004: Option Period 2 (CPIF) | S67: CLIN 3004: Option Period 3 (CPIF)
B68: Total Proposed Cost | E68: =+ROUND(E33+E47+E60,0) -> 0 | I68: =+ROUND(I33+I47+I60,0) -> 0 | L68: Total Proposed Target Cost | O68: =+ROUND(O33+O47+O60,0) -> 0 | S68: =+ROUND(S33+S47+S60,0) -> 0
B69: Total Proposed COM | E69: =+ROUND(E34+E48+E61,0) -> 0 | I69: =+ROUND(I34+I48+I61,0) -> 0 | L69: Total Proposed Target COM | O69: =+ROUND(O34+O48+O61,0) -> 0 | S69: =+ROUND(S34+S48+S61,0) -> 0
B70: Total Proposed Fee | E70: =+ROUND(E35+E49+E62,0) -> 0 | I70: =+ROUND(I35+I49+I62,0) -> 0 | L70: Total Proposed Target Fee | O70: =+ROUND(O35+O49+O62,0) -> 0 | S70: =+ROUND(S35+S49+S62,0) -> 0
B71: Total Proposed Price | E71: =SUM(E68:E70) -> 0 | I71: =SUM(I68:I70) -> 0 | L71: Total Proposed Target Price | O71: =SUM(O68:O70) -> 0 | S71: =SUM(S68:S70) -> 0

Sheet Cost Format A_CLIN X005
B1: Notes:
B2: 1. The format of this worksheet may be revised as required to be consistent with the major subcontractor's approved accounting system.
B3: 2. The Prime Offeror shall propose labor hours, material costs, and other direct costs in the yellow-highlighted cells below.
B4: 3. The Prime Offeror shall ensure the yellow-highlighted rate cells below are linked correctly from the relevant labor rate and add-on factors in the 'Cost Format B_PRIME Rates' worksheet.
B5: 4. The proposed factors will be applied to the proposed labor hours, material cost, and other direct costs.
B6: 5. Definitions of the labor categories and add-on factors are included in the 'Cost Format B_PRIME Rate Desc' worksheet.
B7: 6. Each CPFF/CPIF Cost, COM and Fee shall be rounded to the nearest whole dollar.
B10: CLINs 0005 & 1005: CPFF | C10: Proposed Prices (Labor) | G10: Proposed Prices (Labor) | L10: CLIN 2005: CPIF | M10: Proposed Prices (Labor)
C11: 0005: F-15 I-Level Fault Isolation Tester design and digital development - Basic Period | G11: 1005: F-15 I-Level Fault Isolation Tester EMD - Option Period 1 | M11: 2005: A-10 I-Level Fault Isolation Tester EMD - Option Period 2
B12: Labor Category | C12: Hours | D12: Rates | E12: Cost | G12: Hours | H12: Rates | I12: Cost | L12: Labor Category | M12: Hours | N12: Rates | O12: Cost
B13: Labor Category 1: [INSERT LABOR CATEGORY NAME HERE] | D13: 0 | E13: =+C13*D13 -> 0 | H13: 0 | I13: =+G13*H13 -> 0 | L13: Labor Category 1: [INSERT LABOR CATEGORY NAME HERE] | N13: 0 | O13: =+M13*N13 -> 0
B14: Labor Category 2: [INSERT LABOR CATEGORY NAME HERE] | D14: 0 | E14: =+C14*D14 -> 0 | H14: 0 | I14: =+G14*H14 -> 0 | L14: Labor Category 2: [INSERT LABOR CATEGORY NAME HERE] | N14: 0 | O14: =+M14*N14 -> 0
B15: Labor Category 3: [INSERT LABOR CATEGORY NAME HERE] | D15: 0 | E15: =+C15*D15 -> 0 | H15: 0 | I15: =+G15*H15 -> 0 | L15: Labor Category 3: [INSERT LABOR CATEGORY NAME HERE] | N15: 0 | O15: =+M15*N15 -> 0
B16: Labor Category 4: [INSERT LABOR CATEGORY NAME HERE] | D16: 0 | E16: =+C16*D16 -> 0 | H16: 0 | I16: =+G16*H16 -> 0 | L16: Labor Category 4: [INSERT LABOR CATEGORY NAME HERE] | N16: 0 | O16: =+M16*N16 -> 0
B17: Labor Category 5: [INSERT LABOR CATEGORY NAME HERE] | D17: 0 | E17: =+C17*D17 -> 0 | H17: 0 | I17: =+G17*H17 -> 0 | L17: Labor Category 5: [INSERT LABOR CATEGORY NAME HERE] | N17: 0 | O17: =+M17*N17 -> 0
B18: Labor Category 6: [INSERT LABOR CATEGORY NAME HERE] | D18: 0 | E18: =+C18*D18 -> 0 | H18: 0 | I18: =+G18*H18 -> 0 | L18: Labor Category 6: [INSERT LABOR CATEGORY NAME HERE] | N18: 0 | O18: =+M18*N18 -> 0
B19: Labor Category 7: [INSERT LABOR CATEGORY NAME HERE] | D19: 0 | E19: =+C19*D19 -> 0 | H19: 0 | I19: =+G19*H19 -> 0 | L19: Labor Category 7: [INSERT LABOR CATEGORY NAME HERE] | N19: 0 | O19: =+M19*N19 -> 0
B20: Labor Category 8: [INSERT LABOR CATEGORY NAME HERE] | D20: 0 | E20: =+C20*D20 -> 0 | H20: 0 | I20: =+G20*H20 -> 0 | L20: Labor Category 8: [INSERT LABOR CATEGORY NAME HERE] | N20: 0 | O20: =+M20*N20 -> 0
B21: Labor Category 9: [INSERT LABOR CATEGORY NAME HERE] | D21: 0 | E21: =+C21*D21 -> 0 | H21: 0 | I21: =+G21*H21 -> 0 | L21: Labor Category 9: [INSERT LABOR CATEGORY NAME HERE] | N21: 0 | O21: =+M21*N21 -> 0
B22: Labor Category 10: [INSERT LABOR CATEGORY NAME HERE] | D22: 0 | E22: =+C22*D22 -> 0 | H22: 0 | I22: =+G22*H22 -> 0 | L22: Labor Category 10: [INSERT LABOR CATEGORY NAME HERE] | N22: 0 | O22: =+M22*N22 -> 0
B23: Labor Category 11: [INSERT LABOR CATEGORY NAME HERE] | D23: 0 | E23: =+C23*D23 -> 0 | H23: 0 | I23: =+G23*H23 -> 0 | L23: Labor Category 11: [INSERT LABOR CATEGORY NAME HERE] | N23: 0 | O23: =+M23*N23 -> 0
B24: Labor Category 12: [INSERT LABOR CATEGORY NAME HERE] | D24: 0 | E24: =+C24*D24 -> 0 | H24: 0 | I24: =+G24*H24 -> 0 | L24: Labor Category 12: [INSERT LABOR CATEGORY NAME HERE] | N24: 0 | O24: =+M24*N24 -> 0
B25: Labor Category 13: [INSERT LABOR CATEGORY NAME HERE] | D25: 0 | E25: =+C25*D25 -> 0 | H25: 0 | I25: =+G25*H25 -> 0 | L25: Labor Category 13: [INSERT LABOR CATEGORY NAME HERE] | N25: 0 | O25: =+M25*N25 -> 0
B26: TOTAL HOURS/COST | C26: =SUM(C13:C25) -> 0 | E26: =SUM(E13:E25) -> 0 | G26: =SUM(G13:G25) -> 0 | I26: =SUM(I13:I25) -> 0 | L26: TOTAL HOURS/COST | M26: =SUM(M13:M25) -> 0 | O26: =SUM(O13:O25) -> 0
C27: Base | D27: Rates | E27: Cost | G27: Base | H27: Rates | I27: Cost | M27: Base | N27: Rates | O27: Cost
B28: Proposed Add-on Factor (Fringe) | C28: =+E26 -> 0 | D28: 0 | E28: =+C28*D28 -> 0 | G28: =+I26 -> 0 | H28: 0 | I28: =+G28*H28 -> 0 | L28: Proposed Add-on Factor (Fringe) | M28: =+O26 -> 0 | N28: 0 | O28: =+M28*N28 -> 0
B29: Proposed Add-on Factor (Overhead) | C29: =+C28+E28 -> 0 | D29: 0 | E29: =+C29*D29 -> 0 | G29: =+G28+I28 -> 0 | H29: 0 | I29: =+G29*H29 -> 0 | L29: Proposed Add-on Factor (Overhead) | M29: =+M28+O28 -> 0 | N29: 0 | O29: =+M29*N29 -> 0
B30: Proposed Add-on Factor (G&A) | C30: =+C29+E29 -> 0 | D30: 0 | E30: =+C30*D30 -> 0 | G30: =+G29+I29 -> 0 | H30: 0 | I30: =+G30*H30 -> 0 | L30: Proposed Add-on Factor (G&A) | M30: =+M29+O29 -> 0 | N30: 0 | O30: =+M30*N30 -> 0
B31: Proposed Add-on Factor (COM) | C31: =+C28 -> 0 | D31: 0 | E31: =+C31*D31 -> 0 | G31: =+G28 -> 0 | H31: 0 | I31: =+G31*H31 -> 0 | L31: Proposed Add-on Factor (COM) | M31: =+M28 -> 0 | N31: 0 | O31: =+M31*N31 -> 0
B32: Proposed Add-on Factor (Fee) | C32: =+C30+E30 -> 0 | D32: 0 | E32: =+C32*D32 -> 0 | G32: =+G30+I30 -> 0 | H32: 0 | I32: =+G32*H32 -> 0 | L32: Proposed Add-on Factor (Fee) | M32: =+M30+O30 -> 0 | N32: 0 | O32: =+M32*N32 -> 0
B33: Total Proposed Cost | E33: =+SUM(E26,E28,E29,E30) -> 0 | I33: =+SUM(I26,I28,I29,I30) -> 0 | L33: Total Proposed Target Cost | O33: =+SUM(O26,O28,O29,O30) -> 0
B34: Total Proposed COM | E34: =+E31 -> 0 | I34: =+I31 -> 0 | L34: Total Proposed Target COM | O34: =+O31 -> 0
B35: Total Proposed Fee | E35: =+E32 -> 0 | I35: =+I32 -> 0 | L35: Total Proposed Target Fee | O35: =+O32 -> 0
B36: Total Proposed Price | E36: =SUM(E33:E35) -> 0 | I36: =SUM(I33:I35) -> 0 | L36: Total Proposed Target Price | O36: =SUM(O33:O35) -> 0
B39: =B10 -> CLINs 0005 & 1005: CPFF | C39: Proposed Prices (Material) | G39: Proposed Prices (Material) | M39: Proposed Prices (Material)
C40: =C11 -> 0005: F-15 I-Level Fault Isolation Tester design and digital development - Basic Period | G40: =G11 -> 1005: F-15 I-Level Fault Isolation Tester EMD - Option Period 1 | M40: =M11 -> 2005: A-10 I-Level Fault Isolation Tester EMD - Option Period 2
C41: Base | D41: Rates | E41: Cost | G41: Base | H41: Rates | I41: Cost | M41: Base | N41: Rates | O41: Cost
B42: Total Proposed Material Cost | L42: Total Proposed Material Cost
B43: Proposed Add-on Factor (Overhead) | C43: =+E42 -> 0 | D43: 0 | E43: =+C43*D43 -> 0 | G43: =+I42 -> 0 | H43: 0 | I43: =+G43*H43 -> 0 | L43: Proposed Add-on Factor (Overhead) | M43: =+O42 -> 0 | N43: 0 | O43: =+M43*N43 -> 0
B44: Proposed Add-on Factor (G&A) | C44: =+C43+E43 -> 0 | D44: 0 | E44: =+C44*D44 -> 0 | G44: =+G43+I43 -> 0 | H44: 0 | I44: =+G44*H44 -> 0 | L44: Proposed Add-on Factor (G&A) | M44: =+M43+O43 -> 0 | N44: 0 | O44: =+M44*N44 -> 0
B45: Proposed Add-on Factor (COM) | C45: =+C43 -> 0 | D45: 0 | E45: =+C45*D45 -> 0 | G45: =+G43 -> 0 | H45: 0 | I45: =+G45*H45 -> 0 | L45: Proposed Add-on Factor (COM) | M45: =+M43 -> 0 | N45: 0 | O45: =+M45*N45 -> 0
B46: Proposed Add-on Factor (Fee) | C46: =+C44+E44 -> 0 | D46: 0 | E46: =+C46*D46 -> 0 | G46: =+G44+I44 -> 0 | H46: 0 | I46: =+G46*H46 -> 0 | L46: Proposed Add-on Factor (Fee) | M46: =+M44+O44 -> 0 | N46: 0 | O46: =+M46*N46 -> 0
B47: Total Proposed Cost | E47: =+ROUND(SUM(E42:E44),0) -> 0 | I47: =+ROUND(SUM(I42:I44),0) -> 0 | L47: Total Proposed Target Cost | O47: =+ROUND(SUM(O42:O44),0) -> 0
B48: Total Proposed COM | E48: =+ROUND(E45,0) -> 0 | I48: =+ROUND(I45,0) -> 0 | L48: Total Proposed Target COM | O48: =+ROUND(O45,0) -> 0
B49: Total Proposed Fee | E49: =+ROUND(E46,0) -> 0 | I49: =+ROUND(I46,0) -> 0 | L49: Total Proposed Target Fee | O49: =+ROUND(O46,0) -> 0
B50: Total Proposed Price | E50: =SUM(E47:E49) -> 0 | I50: =SUM(I47:I49) -> 0 | L50: Total Proposed Target Price | O50: =SUM(O47:O49) -> 0
B52: =B39 -> CLINs 0005 & 1005: CPFF | C52: Proposed Prices (Other Direct Cost) | G52: Proposed Prices (Other Direct Cost) | M52: Proposed Prices (Other Direct Cost)
C53: =C40 -> 0005: F-15 I-Level Fault Isolation Tester design and digital development - Basic Period | G53: =G40 -> 1005: F-15 I-Level Fault Isolation Tester EMD - Option Period 1 | M53: =M40 -> 2005: A-10 I-Level Fault Isolation Tester EMD - Option Period 2
C54: Base | D54: Rates | E54: Cost | G54: Base | H54: Rates | I54: Cost | M54: Base | N54: Rates | O54: Cost
B55: Total Proposed Other Direct Cost (ODC) | L55: Total Proposed Other Direct Cost (ODC)
B56: Proposed Add-on Factor (Overhead) | C56: =+E55 -> 0 | D56: 0 | E56: =+C56*D56 -> 0 | G56: =+I55 -> 0 | H56: 0 | I56: =+G56*H56 -> 0 | L56: Proposed Add-on Factor (Overhead) | M56: =+O55 -> 0 | N56: 0 | O56: =+M56*N56 -> 0
B57: Proposed Add-on Factor (G&A) | C57: =+C56+E56 -> 0 | D57: 0 | E57: =+C57*D57 -> 0 | G57: =+G56+I56 -> 0 | H57: 0 | I57: =+G57*H57 -> 0 | L57: Proposed Add-on Factor (G&A) | M57: =+M56+O56 -> 0 | N57: 0 | O57: =+M57*N57 -> 0
B58: Proposed Add-on Factor (COM) | C58: =+C56 -> 0 | D58: 0 | E58: =+C58*D58 -> 0 | G58: =+G56 -> 0 | H58: 0 | I58: =+G58*H58 -> 0 | L58: Proposed Add-on Factor (COM) | M58: =+M56 -> 0 | N58: 0 | O58: =+M58*N58 -> 0
B59: Proposed Add-on Factor (Fee) | C59: =+C57+E57 -> 0 | D59: 0 | E59: =+C59*D59 -> 0 | G59: =+G57+I57 -> 0 | H59: 0 | I59: =+G59*H59 -> 0 | L59: Proposed Add-on Factor (Fee) | M59: =+M57+O57 -> 0 | N59: 0 | O59: =+M59*N59 -> 0
B60: Total Proposed Cost | E60: =+ROUND(SUM(E55:E57),0) -> 0 | I60: =+ROUND(SUM(I55:I57),0) -> 0 | L60: Total Proposed Target Cost | O60: =+ROUND(SUM(O55:O57),0) -> 0
B61: Total Proposed COM | E61: =+ROUND(E58,0) -> 0 | I61: =+ROUND(I58,0) -> 0 | L61: Total Proposed Target COM | O61: =+ROUND(O58,0) -> 0
B62: Total Proposed Fee | E62: =+ROUND(E59,0) -> 0 | I62: =+ROUND(I59,0) -> 0 | L62: Total Proposed Target Fee | O62: =+ROUND(O59,0) -> 0
B63: Total Proposed Price | E63: =SUM(E60:E62) -> 0 | I63: =SUM(I60:I62) -> 0 | L63: Total Proposed Target Price | O63: =SUM(O60:O62) -> 0
B66: =B52 -> CLINs 0005 & 1005: CPFF | C66: Proposed Prices (Labor, Material, and ODC) | G66: Proposed Prices (Labor, Material, and ODC) | M66: Proposed Prices (Labor, Material, and ODC)
E67: CLIN 0005: Basic Period (CPFF) | I67: CLIN 1005: Option Period 1 (CPFF) | O67: CLIN 2005: Option Period 2 (CPIF)
B68: Total Proposed Cost | E68: =+ROUND(E33+E47+E60,0) -> 0 | I68: =+ROUND(I33+I47+I60,0) -> 0 | L68: Total Proposed Target Cost | O68: =+ROUND(O33+O47+O60,0) -> 0
B69: Total Proposed COM | E69: =+ROUND(E34+E48+E61,0) -> 0 | I69: =+ROUND(I34+I48+I61,0) -> 0 | L69: Total Proposed Target COM | O69: =+ROUND(O34+O48+O61,0) -> 0
B70: Total Proposed Fee | E70: =+ROUND(E35+E49+E62,0) -> 0 | I70: =+ROUND(I35+I49+I62,0) -> 0 | L70: Total Proposed Target Fee | O70: =+ROUND(O35+O49+O62,0) -> 0
B71: Total Proposed Price | E71: =SUM(E68:E70) -> 0 | I71: =SUM(I68:I70) -> 0 | L71: Total Proposed Target Price | O71: =SUM(O68:O70) -> 0

Sheet Cost Format A_CLIN X006
B1: Notes:
B2: 1. The format of this worksheet may be revised as required to be consistent with the major subcontractor's approved accounting system.
B3: 2. The Prime Offeror shall propose labor hours, material costs, and other direct costs in the yellow-highlighted cells below.
B4: 3. The Prime Offeror shall ensure the yellow-highlighted rate cells below are linked correctly from the relevant labor rate and add-on factors in the 'Cost Format B_PRIME Rates' worksheet.
B5: 4. The proposed factors will be applied to the proposed labor hours, material cost, and other direct costs.
B6: 5. Definitions of the labor categories and add-on factors are included in the 'Cost Format B_PRIME Rate Desc' worksheet.
B7: 6. Each CPFF/CPIF Cost, COM and Fee shall be rounded to the nearest whole dollar.
B10: CLINs 0006 & 1006: CPFF | C10: Proposed Prices (Labor) | G10: Proposed Prices (Labor)
C11: 0006: A-10 I-Level Fault Isolation Tester design and digital development - Basic Period | G11: 1006: A-10 I-Level Fault Isolation Tester EMD - Option Period 1
B12: Labor Category | C12: Hours | D12: Rates | E12: Cost | G12: Hours | H12: Rates | I12: Cost
B13: Labor Category 1: [INSERT LABOR CATEGORY NAME HERE] | D13: 0 | E13: =+C13*D13 -> 0 | H13: 0 | I13: =+G13*H13 -> 0
B14: Labor Category 2: [INSERT LABOR CATEGORY NAME HERE] | D14: 0 | E14: =+C14*D14 -> 0 | H14: 0 | I14: =+G14*H14 -> 0
B15: Labor Category 3: [INSERT LABOR CATEGORY NAME HERE] | D15: 0 | E15: =+C15*D15 -> 0 | H15: 0 | I15: =+G15*H15 -> 0
B16: Labor Category 4: [INSERT LABOR CATEGORY NAME HERE] | D16: 0 | E16: =+C16*D16 -> 0 | H16: 0 | I16: =+G16*H16 -> 0
B17: Labor Category 5: [INSERT LABOR CATEGORY NAME HERE] | D17: 0 | E17: =+C17*D17 -> 0 | H17: 0 | I17: =+G17*H17 -> 0
B18: Labor Category 6: [INSERT LABOR CATEGORY NAME HERE] | D18: 0 | E18: =+C18*D18 -> 0 | H18: 0 | I18: =+G18*H18 -> 0
B19: Labor Category 7: [INSERT LABOR CATEGORY NAME HERE] | D19: 0 | E19: =+C19*D19 -> 0 | H19: 0 | I19: =+G19*H19 -> 0
B20: Labor Category 8: [INSERT LABOR CATEGORY NAME HERE] | D20: 0 | E20: =+C20*D20 -> 0 | H20: 0 | I20: =+G20*H20 -> 0
B21: Labor Category 9: [INSERT LABOR CATEGORY NAME HERE] | D21: 0 | E21: =+C21*D21 -> 0 | H21: 0 | I21: =+G21*H21 -> 0
B22: Labor Category 10: [INSERT LABOR CATEGORY NAME HERE] | D22: 0 | E22: =+C22*D22 -> 0 | H22: 0 | I22: =+G22*H22 -> 0
B23: Labor Category 11: [INSERT LABOR CATEGORY NAME HERE] | D23: 0 | E23: =+C23*D23 -> 0 | H23: 0 | I23: =+G23*H23 -> 0
B24: Labor Category 12: [INSERT LABOR CATEGORY NAME HERE] | D24: 0 | E24: =+C24*D24 -> 0 | H24: 0 | I24: =+G24*H24 -> 0
B25: Labor Category 13: [INSERT LABOR CATEGORY NAME HERE] | D25: 0 | E25: =+C25*D25 -> 0 | H25: 0 | I25: =+G25*H25 -> 0
B26: TOTAL HOURS/COST | C26: =SUM(C13:C25) -> 0 | E26: =SUM(E13:E25) -> 0 | G26: =SUM(G13:G25) -> 0 | I26: =SUM(I13:I25) -> 0
C27: Base | D27: Rates | E27: Cost | G27: Base | H27: Rates | I27: Cost
B28: Proposed Add-on Factor (Fringe) | C28: =+E26 -> 0 | D28: 0 | E28: =+C28*D28 -> 0 | G28: =+I26 -> 0 | H28: 0 | I28: =+G28*H28 -> 0
B29: Proposed Add-on Factor (Overhead) | C29: =+C28+E28 -> 0 | D29: 0 | E29: =+C29*D29 -> 0 | G29: =+G28+I28 -> 0 | H29: 0 | I29: =+G29*H29 -> 0
B30: Proposed Add-on Factor (G&A) | C30: =+C29+E29 -> 0 | D30: 0 | E30: =+C30*D30 -> 0 | G30: =+G29+I29 -> 0 | H30: 0 | I30: =+G30*H30 -> 0
B31: Proposed Add-on Factor (COM) | C31: =+C28 -> 0 | D31: 0 | E31: =+C31*D31 -> 0 | G31: =+G28 -> 0 | H31: 0 | I31: =+G31*H31 -> 0
B32: Proposed Add-on Factor (Fee) | C32: =+C30+E30 -> 0 | D32: 0 | E32: =+C32*D32 -> 0 | G32: =+G30+I30 -> 0 | H32: 0 | I32: =+G32*H32 -> 0
B33: Total Proposed Cost | E33: =+SUM(E26,E28,E29,E30) -> 0 | I33: =+SUM(I26,I28,I29,I30) -> 0
B34: Total Proposed COM | E34: =+E31 -> 0 | I34: =+I31 -> 0
B35: Total Proposed Fee | E35: =+E32 -> 0 | I35: =+I32 -> 0
B36: Total Proposed Price | E36: =SUM(E33:E35) -> 0 | I36: =SUM(I33:I35) -> 0
B39: =B10 -> CLINs 0006 & 1006: CPFF | C39: Proposed Prices (Material) | G39: Proposed Prices (Material)
C40: =C11 -> 0006: A-10 I-Level Fault Isolation Tester design and digital development - Basic Period | G40: =G11 -> 1006: A-10 I-Level Fault Isolation Tester EMD - Option Period 1
C41: Base | D41: Rates | E41: Cost | G41: Base | H41: Rates | I41: Cost
B42: Total Proposed Material Cost
B43: Proposed Add-on Factor (Overhead) | C43: =+E42 -> 0 | D43: 0 | E43: =+C43*D43 -> 0 | G43: =+I42 -> 0 | H43: 0 | I43: =+G43*H43 -> 0
B44: Proposed Add-on Factor (G&A) | C44: =+C43+E43 -> 0 | D44: 0 | E44: =+C44*D44 -> 0 | G44: =+G43+I43 -> 0 | H44: 0 | I44: =+G44*H44 -> 0
B45: Proposed Add-on Factor (COM) | C45: =+C43 -> 0 | D45: 0 | E45: =+C45*D45 -> 0 | G45: =+G43 -> 0 | H45: 0 | I45: =+G45*H45 -> 0
B46: Proposed Add-on Factor (Fee) | C46: =+C44+E44 -> 0 | D46: 0 | E46: =+C46*D46 -> 0 | G46: =+G44+I44 -> 0 | H46: 0 | I46: =+G46*H46 -> 0
B47: Total Proposed Cost | E47: =+ROUND(SUM(E42:E44),0) -> 0 | I47: =+ROUND(SUM(I42:I44),0) -> 0
B48: Total Proposed COM | E48: =+ROUND(E45,0) -> 0 | I48: =+ROUND(I45,0) -> 0
B49: Total Proposed Fee | E49: =+ROUND(E46,0) -> 0 | I49: =+ROUND(I46,0) -> 0
B50: Total Proposed Price | E50: =SUM(E47:E49) -> 0 | I50: =SUM(I47:I49) -> 0
B52: =B39 -> CLINs 0006 & 1006: CPFF | C52: Proposed Prices (Other Direct Cost) | G52: Proposed Prices (Other Direct Cost)
C53: =C40 -> 0006: A-10 I-Level Fault Isolation Tester design and digital development - Basic Period | G53: =G40 -> 1006: A-10 I-Level Fault Isolation Tester EMD - Option Period 1
C54: Base | D54: Rates | E54: Cost | G54: Base | H54: Rates | I54: Cost
B55: Total Proposed Other Direct Cost (ODC)
B56: Proposed Add-on Factor (Overhead) | C56: =+E55 -> 0 | D56: 0 | E56: =+C56*D56 -> 0 | G56: =+I55 -> 0 | H56: 0 | I56: =+G56*H56 -> 0
B57: Proposed Add-on Factor (G&A) | C57: =+C56+E56 -> 0 | D57: 0 | E57: =+C57*D57 -> 0 | G57: =+G56+I56 -> 0 | H57: 0 | I57: =+G57*H57 -> 0
B58: Proposed Add-on Factor (COM) | C58: =+C56 -> 0 | D58: 0 | E58: =+C58*D58 -> 0 | G58: =+G56 -> 0 | H58: 0 | I58: =+G58*H58 -> 0
B59: Proposed Add-on Factor (Fee) | C59: =+C57+E57 -> 0 | D59: 0 | E59: =+C59*D59 -> 0 | G59: =+G57+I57 -> 0 | H59: 0 | I59: =+G59*H59 -> 0
B60: Total Proposed Cost | E60: =+ROUND(SUM(E55:E57),0) -> 0 | I60: =+ROUND(SUM(I55:I57),0) -> 0
B61: Total Proposed COM | E61: =+ROUND(E58,0) -> 0 | I61: =+ROUND(I58,0) -> 0
B62: Total Proposed Fee | E62: =+ROUND(E59,0) -> 0 | I62: =+ROUND(I59,0) -> 0
B63: Total Proposed Price | E63: =SUM(E60:E62) -> 0 | I63: =SUM(I60:I62) -> 0
B66: =B52 -> CLINs 0006 & 1006: CPFF | C66: Proposed Prices (Labor, Material, and ODC) | G66: Proposed Prices (Labor, Material, and ODC)
E67: CLIN 0006: Basic Period (CPFF) | I67: CLIN 1006: Option Period 1 (CPFF)
B68: Total Proposed Cost | E68: =+ROUND(E33+E47+E60,0) -> 0 | I68: =+ROUND(I33+I47+I60,0) -> 0
B69: Total Proposed COM | E69: =+ROUND(E34+E48+E61,0) -> 0 | I69: =+ROUND(I34+I48+I61,0) -> 0
B70: Total Proposed Fee | E70: =+ROUND(E35+E49+E62,0) -> 0 | I70: =+ROUND(I35+I49+I62,0) -> 0
B71: Total Proposed Price | E71: =SUM(E68:E70) -> 0 | I71: =SUM(I68:I70) -> 0

Sheet Cost Format A_Travel CLINs
B1: Notes:
B2: 1. The format of this worksheet may be revised as required to be consistent with the major subcontractor's approved accounting system.
B3: 2. The Prime Offeror shall propose labor hours, material costs, and other direct costs in the yellow-highlighted cells below.
B4: 3. The Prime Offeror shall ensure the yellow-highlighted rate cells below are linked correctly from the relevant labor rate and add-on factors in the 'Cost Format B_PRIME Rates' worksheet.
B5: 4. The proposed factors will be applied to the proposed labor hours, material cost, and other direct costs.
B6: 5. Definitions of the labor categories and add-on factors are included in the 'Cost Format B_PRIME Rate Desc' worksheet.
B7: 6. Each CPFF Cost, COM and Fee shall be rounded to the nearest whole dollar.
C10: Proposed Prices (Other Direct Cost) | G10: Proposed Prices (Other Direct Cost) | K10: Proposed Prices (Other Direct Cost) | O10: Proposed Prices (Other Direct Cost) | S10: Proposed Prices (Other Direct Cost)
C11: 0015: Travel - Basic Period | G11: 1012: Travel - Option Period 1 | K11: 2014: Travel - Option Period 2 | O11: 3013: Travel - Option Period 3 | S11: 4009: Travel - Option Period 4
C12: Base | D12: Rates | E12: Cost | G12: Base | H12: Rates | I12: Cost | K12: Base | L12: Rates | M12: Cost | O12: Base | P12: Rates | Q12: Cost | S12: Base | T12: Rates | U12: Cost
B13: Total Proposed Other Direct Cost (ODC)
B14: Proposed Add-on Factor (Overhead) | C14: =+E13 -> 0 | D14: 0 | E14: =+C14*D14 -> 0 | G14: =+I13 -> 0 | H14: 0 | I14: =+G14*H14 -> 0 | K14: =+M13 -> 0 | L14: 0 | M14: =+K14*L14 -> 0 | O14: =+Q13 -> 0 | P14: 0 | Q14: =+O14*P14 -> 0 | S14: =+U13 -> 0 | T14: 0 | U14: =+S14*T14 -> 0
B15: Proposed Add-on Factor (G&A) | C15: =+C14+E14 -> 0 | D15: 0 | E15: =+C15*D15 -> 0 | G15: =+G14+I14 -> 0 | H15: 0 | I15: =+G15*H15 -> 0 | K15: =+K14+M14 -> 0 | L15: 0 | M15: =+K15*L15 -> 0 | O15: =+O14+Q14 -> 0 | P15: 0 | Q15: =+O15*P15 -> 0 | S15: =+S14+U14 -> 0 | T15: 0 | U15: =+S15*T15 -> 0
B16: Proposed Add-on Factor (COM) | C16: =+C14 -> 0 | D16: 0 | E16: =+C16*D16 -> 0 | G16: =+G14 -> 0 | H16: 0 | I16: =+G16*H16 -> 0 | K16: =+K14 -> 0 | L16: 0 | M16: =+K16*L16 -> 0 | O16: =+O14 -> 0 | P16: 0 | Q16: =+O16*P16 -> 0 | S16: =+S14 -> 0 | T16: 0 | U16: =+S16*T16 -> 0
B17: Proposed Add-on Factor (Fee) | C17: =+C15+E15 -> 0 | D17: 0 | E17: =+C17*D17 -> 0 | G17: =+G15+I15 -> 0 | H17: 0 | I17: =+G17*H17 -> 0 | K17: =+K15+M15 -> 0 | L17: 0 | M17: =+K17*L17 -> 0 | O17: =+O15+Q15 -> 0 | P17: 0 | Q17: =+O17*P17 -> 0 | S17: =+S15+U15 -> 0 | T17: 0 | U17: =+S17*T17 -> 0
B18: Total Proposed Cost | E18: =+ROUND(SUM(E13:E15),0) -> 0 | I18: =+ROUND(SUM(I13:I15),0) -> 0 | M18: =+ROUND(SUM(M13:M15),0) -> 0 | Q18: =+ROUND(SUM(Q13:Q15),0) -> 0 | U18: =+ROUND(SUM(U13:U15),0) -> 0
B19: Total Proposed COM | E19: =+ROUND(E16,0) -> 0 | I19: =+ROUND(I16,0) -> 0 | M19: =+ROUND(M16,0) -> 0 | Q19: =+ROUND(Q16,0) -> 0 | U19: =+ROUND(U16,0) -> 0
B20: Total Proposed Price | E20: =SUM(E18:E19) -> 0 | I20: =SUM(I18:I19) -> 0 | M20: =SUM(M18:M19) -> 0 | Q20: =SUM(Q18:Q19) -> 0 | U20: =SUM(U18:U19) -> 0
C23: Proposed Prices (Labor, Material, and ODC) | G23: Proposed Prices (Labor, Material, and ODC) | K23: Proposed Prices (Labor, Material, and ODC) | O23: Proposed Prices (Labor, Material, and ODC) | S23: Proposed Prices (Labor, Material, and ODC)
E24: CLIN 0015: Basic Period | I24: CLIN 1012: Option Period 1 | M24: CLIN 2014: Option Period 2 | Q24: CLIN 3013: Option Period 3 | U24: CLIN 4009: Option Period 4
B25: Total Proposed Cost | E25: =+ROUND(E18,0) -> 0 | I25: =+ROUND(I18,0) -> 0 | M25: =+ROUND(M18,0) -> 0 | Q25: =+ROUND(Q18,0) -> 0 | U25: =+ROUND(U18,0) -> 0
B26: Total Proposed COM | E26: =+ROUND(E19,0) -> 0 | I26: =+ROUND(I19,0) -> 0 | M26: =+ROUND(M19,0) -> 0 | Q26: =+ROUND(Q19,0) -> 0 | U26: =+ROUND(U19,0) -> 0
B27: Total Proposed Price | E27: =SUM(E25:E26) -> 0 | I27: =SUM(I25:I26) -> 0 | M27: =SUM(M25:M26) -> 0 | Q27: =SUM(Q25:Q26) -> 0 | U27: =SUM(U25:U26) -> 0

Sheet Cost Format A_CLIN 1014
B1: Notes:
B2: 1. The format of this worksheet may be revised as required to be consistent with the major subcontractor's approved accounting system.
B3: 2. The Prime Offeror shall propose labor hours, material costs, and other direct costs in the yellow-highlighted cells below.
B4: 3. The Prime Offeror shall ensure the yellow-highlighted rate cells below are linked correctly from the relevant labor rate and add-on factors in the 'Cost Format B_PRIME Rates' worksheet.
B5: 4. The proposed factors will be applied to the proposed labor hours, material cost, and other direct costs.
B6: 5. Definitions of the labor categories and add-on factors are included in the 'Cost Format B_PRIME Rate Desc' worksheet.
B7: 6. Each CPFF Cost, COM and Fee shall be rounded to the nearest whole dollar.
B10: CLIN 0014 – CPFF | C10: Proposed Prices (Labor)
C11: 0014: Design Demonstration - Basic Period
B12: Labor Category | C12: Hours | D12: Rates | E12: Cost
B13: Labor Category 1: [INSERT LABOR CATEGORY NAME HERE] | D13: 0 | E13: =+C13*D13 -> 0
B14: Labor Category 2: [INSERT LABOR CATEGORY NAME HERE] | D14: 0 | E14: =+C14*D14 -> 0
B15: Labor Category 3: [INSERT LABOR CATEGORY NAME HERE] | D15: 0 | E15: =+C15*D15 -> 0
B16: Labor Category 4: [INSERT LABOR CATEGORY NAME HERE] | D16: 0 | E16: =+C16*D16 -> 0
B17: Labor Category 5: [INSERT LABOR CATEGORY NAME HERE] | D17: 0 | E17: =+C17*D17 -> 0
B18: Labor Category 6: [INSERT LABOR CATEGORY NAME HERE] | D18: 0 | E18: =+C18*D18 -> 0
B19: Labor Category 7: [INSERT LABOR CATEGORY NAME HERE] | D19: 0 | E19: =+C19*D19 -> 0
B20: Labor Category 8: [INSERT LABOR CATEGORY NAME HERE] | D20: 0 | E20: =+C20*D20 -> 0
B21: Labor Category 9: [INSERT LABOR CATEGORY NAME HERE] | D21: 0 | E21: =+C21*D21 -> 0
B22: Labor Category 10: [INSERT LABOR CATEGORY NAME HERE] | D22: 0 | E22: =+C22*D22 -> 0
B23: Labor Category 11: [INSERT LABOR CATEGORY NAME HERE] | D23: 0 | E23: =+C23*D23 -> 0
B24: Labor Category 12: [INSERT LABOR CATEGORY NAME HERE] | D24: 0 | E24: =+C24*D24 -> 0
B25: Labor Category 13: [INSERT LABOR CATEGORY NAME HERE] | D25: 0 | E25: =+C25*D25 -> 0
B26: TOTAL HOURS/COST | C26: =SUM(C13:C25) -> 0 | E26: =SUM(E13:E25) -> 0
C27: Base | D27: Rates | E27: Cost
B28: Proposed Add-on Factor (Fringe) | C28: =+E26 -> 0 | D28: 0 | E28: =+C28*D28 -> 0
B29: Proposed Add-on Factor (Overhead) | C29: =+C28+E28 -> 0 | D29: 0 | E29: =+C29*D29 -> 0
B30: Proposed Add-on Factor (G&A) | C30: =+C29+E29 -> 0 | D30: 0 | E30: =+C30*D30 -> 0
B31: Proposed Add-on Factor (COM) | C31: =+C28 -> 0 | D31: 0 | E31: =+C31*D31 -> 0
B32: Proposed Add-on Factor (Fee) | C32: =+C30+E30 -> 0 | D32: 0 | E32: =+C32*D32 -> 0
B33: Total Proposed Cost | E33: =+SUM(E26,E28,E29,E30) -> 0
B34: Total Proposed COM | E34: =+E31 -> 0
B35: Total Proposed Fee | E35: =+E32 -> 0
B36: Total Proposed Price | E36: =SUM(E33:E35) -> 0
B39: =B10 -> CLIN 0014 – CPFF | C39: Proposed Prices (Material)
C40: =C11 -> 0014: Design Demonstration - Basic Period
C41: Base | D41: Rates | E41: Cost
B42: Total Proposed Material Cost
B43: Proposed Add-on Factor (Overhead) | C43: =+E42 -> 0 | D43: 0 | E43: =+C43*D43 -> 0
B44: Proposed Add-on Factor (G&A) | C44: =+C43+E43 -> 0 | D44: 0 | E44: =+C44*D44 -> 0
B45: Proposed Add-on Factor (COM) | C45: =+C43 -> 0 | D45: 0 | E45: =+C45*D45 -> 0
B46: Proposed Add-on Factor (Fee) | C46: =+C44+E44 -> 0 | D46: 0 | E46: =+C46*D46 -> 0
B47: Total Proposed Cost | E47: =+ROUND(SUM(E42:E44),0) -> 0
B48: Total Proposed COM | E48: =+ROUND(E45,0) -> 0
B49: Total Proposed Fee | E49: =+ROUND(E46,0) -> 0
B50: Total Proposed Price | E50: =SUM(E47:E49) -> 0
B52: =B39 -> CLIN 0014 – CPFF | C52: Proposed Prices (Other Direct Cost)
C53: =C40 -> 0014: Design Demonstration - Basic Period
C54: Base | D54: Rates | E54: Cost
B55: Total Proposed Other Direct Cost (ODC)
B56: Proposed Add-on Factor (Overhead) | C56: =+E55 -> 0 | D56: 0 | E56: =+C56*D56 -> 0
B57: Proposed Add-on Factor (G&A) | C57: =+C56+E56 -> 0 | D57: 0 | E57: =+C57*D57 -> 0
B58: Proposed Add-on Factor (COM) | C58: =+C56 -> 0 | D58: 0 | E58: =+C58*D58 -> 0
B59: Proposed Add-on Factor (Fee) | C59: =+C57+E57 -> 0 | D59: 0 | E59: =+C59*D59 -> 0
B60: Total Proposed Cost | E60: =+ROUND(SUM(E55:E57),0) -> 0
B61: Total Proposed COM | E61: =+ROUND(E58,0) -> 0
B62: Total Proposed Fee | E62: =+ROUND(E59,0) -> 0
B63: Total Proposed Price | E63: =SUM(E60:E62) -> 0
B66: =B52 -> CLIN 0014 – CPFF | C66: Proposed Prices (Labor, Material, and ODC)
E67: CLIN 4008: Basic Period
B68: Total Proposed Cost | E68: =+ROUND(E33+E47+E60,0) -> 0
B69: Total Proposed COM | E69: =+ROUND(E34+E48+E61,0) -> 0
B70: Total Proposed Fee | E70: =+ROUND(E35+E49+E62,0) -> 0
B71: Total Proposed Price | E71: =SUM(E68:E70) -> 0

Sheet Cost Format A_Gov Testing CLINs
B1: Notes:
B2: 1. The format of this worksheet may be revised as required to be consistent with the major subcontractor's approved accounting system.
B3: 2. The Prime Offeror shall propose labor hours, material costs, and other direct costs in the yellow-highlighted cells below.
B4: 3. The Prime Offeror shall ensure the yellow-highlighted rate cells below are linked correctly from the relevant labor rate and add-on factors in the 'Cost Format B_PRIME Rates' worksheet.
B5: 4. The proposed factors will be applied to the proposed labor hours, material cost, and other direct costs.
B6: 5. Definitions of the labor categories and add-on factors are included in the 'Cost Format B_PRIME Rate Desc' worksheet.
B7: 6. Each CPFF/CPIF Cost, COM and Fee shall be rounded to the nearest whole dollar.
B10: CLIN 1011: CPFF | C10: Proposed Prices (Labor) | H10: CLINs 2013, 3012, & 4008: CPIF | I10: Proposed Prices (Labor) | M10: Proposed Prices (Labor) | Q10: Proposed Prices (Labor)
C11: 1011: Support Government Testing - Option Period 1 | I11: 2013: Support Government Testing - Option Period 2 | M11: 3012: Support Government Testing - Option Period 3 | Q11: 4008: Support Government Testing - Option Period 4
B12: Labor Category | C12: Hours | D12: Rates | E12: Cost | H12: Labor Category | I12: Hours | J12: Rates | K12: Cost | M12: Hours | N12: Rates | O12: Cost | Q12: Hours | R12: Rates | S12: Cost
B13: Labor Category 1: [INSERT LABOR CATEGORY NAME HERE] | D13: 0 | E13: =+C13*D13 -> 0 | H13: Labor Category 1: [INSERT LABOR CATEGORY NAME HERE] | J13: 0 | K13: =+I13*J13 -> 0 | N13: 0 | O13: =+M13*N13 -> 0 | R13: 0 | S13: =+Q13*R13 -> 0
B14: Labor Category 2: [INSERT LABOR CATEGORY NAME HERE] | D14: 0 | E14: =+C14*D14 -> 0 | H14: Labor Category 2: [INSERT LABOR CATEGORY NAME HERE] | J14: 0 | K14: =+I14*J14 -> 0 | N14: 0 | O14: =+M14*N14 -> 0 | R14: 0 | S14: =+Q14*R14 -> 0
B15: Labor Category 3: [INSERT LABOR CATEGORY NAME HERE] | D15: 0 | E15: =+C15*D15 -> 0 | H15: Labor Category 3: [INSERT LABOR CATEGORY NAME HERE] | J15: 0 | K15: =+I15*J15 -> 0 | N15: 0 | O15: =+M15*N15 -> 0 | R15: 0 | S15: =+Q15*R15 -> 0
B16: Labor Category 4: [INSERT LABOR CATEGORY NAME HERE] | D16: 0 | E16: =+C16*D16 -> 0 | H16: Labor Category 4: [INSERT LABOR CATEGORY NAME HERE] | J16: 0 | K16: =+I16*J16 -> 0 | N16: 0 | O16: =+M16*N16 -> 0 | R16: 0 | S16: =+Q16*R16 -> 0
B17: Labor Category 5: [INSERT LABOR CATEGORY NAME HERE] | D17: 0 | E17: =+C17*D17 -> 0 | H17: Labor Category 5: [INSERT LABOR CATEGORY NAME HERE] | J17: 0 | K17: =+I17*J17 -> 0 | N17: 0 | O17: =+M17*N17 -> 0 | R17: 0 | S17: =+Q17*R17 -> 0
B18: Labor Category 6: [INSERT LABOR CATEGORY NAME HERE] | D18: 0 | E18: =+C18*D18 -> 0 | H18: Labor Category 6: [INSERT LABOR CATEGORY NAME HERE] | J18: 0 | K18: =+I18*J18 -> 0 | N18: 0 | O18: =+M18*N18 -> 0 | R18: 0 | S18: =+Q18*R18 -> 0
B19: Labor Category 7: [INSERT LABOR CATEGORY NAME HERE] | D19: 0 | E19: =+C19*D19 -> 0 | H19: Labor Category 7: [INSERT LABOR CATEGORY NAME HERE] | J19: 0 | K19: =+I19*J19 -> 0 | N19: 0 | O19: =+M19*N19 -> 0 | R19: 0 | S19: =+Q19*R19 -> 0
B20: Labor Category 8: [INSERT LABOR CATEGORY NAME HERE] | D20: 0 | E20: =+C20*D20 -> 0 | H20: Labor Category 8: [INSERT LABOR CATEGORY NAME HERE] | J20: 0 | K20: =+I20*J20 -> 0 | N20: 0 | O20: =+M20*N20 -> 0 | R20: 0 | S20: =+Q20*R20 -> 0
B21: Labor Category 9: [INSERT LABOR CATEGORY NAME HERE] | D21: 0 | E21: =+C21*D21 -> 0 | H21: Labor Category 9: [INSERT LABOR CATEGORY NAME HERE] | J21: 0 | K21: =+I21*J21 -> 0 | N21: 0 | O21: =+M21*N21 -> 0 | R21: 0 | S21: =+Q21*R21 -> 0
B22: Labor Category 10: [INSERT LABOR CATEGORY NAME HERE] | D22: 0 | E22: =+C22*D22 -> 0 | H22: Labor Category 10: [INSERT LABOR CATEGORY NAME HERE] | J22: 0 | K22: =+I22*J22 -> 0 | N22: 0 | O22: =+M22*N22 -> 0 | R22: 0 | S22: =+Q22*R22 -> 0
B23: Labor Category 11: [INSERT LABOR CATEGORY NAME HERE] | D23: 0 | E23: =+C23*D23 -> 0 | H23: Labor Category 11: [INSERT LABOR CATEGORY NAME HERE] | J23: 0 | K23: =+I23*J23 -> 0 | N23: 0 | O23: =+M23*N23 -> 0 | R23: 0 | S23: =+Q23*R23 -> 0
B24: Labor Category 12: [INSERT LABOR CATEGORY NAME HERE] | D24: 0 | E24: =+C24*D24 -> 0 | H24: Labor Category 12: [INSERT LABOR CATEGORY NAME HERE] | J24: 0 | K24: =+I24*J24 -> 0 | N24: 0 | O24: =+M24*N24 -> 0 | R24: 0 | S24: =+Q24*R24 -> 0
B25: Labor Category 13: [INSERT LABOR CATEGORY NAME HERE] | D25: 0 | E25: =+C25*D25 -> 0 | H25: Labor Category 13: [INSERT LABOR CATEGORY NAME HERE] | J25: 0 | K25: =+I25*J25 -> 0 | N25: 0 | O25: =+M25*N25 -> 0 | R25: 0 | S25: =+Q25*R25 -> 0
B26: TOTAL HOURS/COST | C26: =SUM(C13:C25) -> 0 | E26: =SUM(E13:E25) -> 0 | H26: TOTAL HOURS/COST | I26: =SUM(I13:I25) -> 0 | K26: =SUM(K13:K25) -> 0 | M26: =SUM(M13:M25) -> 0 | O26: =SUM(O13:O25) -> 0 | Q26: =SUM(Q13:Q25) -> 0 | S26: =SUM(S13:S25) -> 0
C27: Base | D27: Rates | E27: Cost | I27: Base | J27: Rates | K27: Cost | M27: Base | N27: Rates | O27: Cost | Q27: Base | R27: Rates | S27: Cost
B28: Proposed Add-on Factor (Fringe) | C28: =+E26 -> 0 | D28: 0 | E28: =+C28*D28 -> 0 | H28: Proposed Add-on Factor (Fringe) | I28: =+K26 -> 0 | J28: 0 | K28: =+I28*J28 -> 0 | M28: =+O26 -> 0 | N28: 0 | O28: =+M28*N28 -> 0 | Q28: =+S26 -> 0 | R28: 0 | S28: =+Q28*R28 -> 0
B29: Proposed Add-on Factor (Overhead) | C29: =+C28+E28 -> 0 | D29: 0 | E29: =+C29*D29 -> 0 | H29: Proposed Add-on Factor (Overhead) | I29: =+I28+K28 -> 0 | J29: 0 | K29: =+I29*J29 -> 0 | M29: =+M28+O28 -> 0 | N29: 0 | O29: =+M29*N29 -> 0 | Q29: =+Q28+S28 -> 0 | R29: 0 | S29: =+Q29*R29 -> 0
B30: Proposed Add-on Factor (G&A) | C30: =+C29+E29 -> 0 | D30: 0 | E30: =+C30*D30 -> 0 | H30: Proposed Add-on Factor (G&A) | I30: =+I29+K29 -> 0 | J30: 0 | K30: =+I30*J30 -> 0 | M30: =+M29+O29 -> 0 | N30: 0 | O30: =+M30*N30 -> 0 | Q30: =+Q29+S29 -> 0 | R30: 0 | S30: =+Q30*R30 -> 0
B31: Proposed Add-on Factor (COM) | C31: =+C28 -> 0 | D31: 0 | E31: =+C31*D31 -> 0 | H31: Proposed Add-on Factor (COM) | I31: =+I28 -> 0 | J31: 0 | K31: =+I31*J31 -> 0 | M31: =+M28 -> 0 | N31: 0 | O31: =+M31*N31 -> 0 | Q31: =+Q28 -> 0 | R31: 0 | S31: =+Q31*R31 -> 0
B32: Proposed Add-on Factor (Fee) | C32: =+C30+E30 -> 0 | D32: 0 | E32: =+C32*D32 -> 0 | H32: Proposed Add-on Factor (Fee) | I32: =+I30+K30 -> 0 | J32: 0 | K32: =+I32*J32 -> 0 | M32: =+M30+O30 -> 0 | N32: 0 | O32: =+M32*N32 -> 0 | Q32: =+Q30+S30 -> 0 | R32: 0 | S32: =+Q32*R32 -> 0
B33: Total Proposed Cost | E33: =+SUM(E26,E28,E29,E30) -> 0 | H33: Total Proposed Target Cost | K33: =+SUM(K26,K28,K29,K30) -> 0 | O33: =+SUM(O26,O28,O29,O30) -> 0 | S33: =+SUM(S26,S28,S29,S30) -> 0
B34: Total Proposed COM | E34: =+E31 -> 0 | H34: Total Proposed Target COM | K34: =+K31 -> 0 | O34: =+O31 -> 0 | S34: =+S31 -> 0
B35: Total Proposed Fee | E35: =+E32 -> 0 | H35: Total Proposed Target Fee | K35: =+K32 -> 0 | O35: =+O32 -> 0 | S35: =+S32 -> 0
B36: Total Proposed Price | E36: =SUM(E33:E35) -> 0 | H36: Total Proposed Target Price | K36: =SUM(K33:K35) -> 0 | O36: =SUM(O33:O35) -> 0 | S36: =SUM(S33:S35) -> 0
B39: =B10 -> CLIN 1011: CPFF | C39: Proposed Prices (Material) | I39: Proposed Prices (Material) | M39: Proposed Prices (Material) | Q39: Proposed Prices (Material)
C40: =C11 -> 1011: Support Government Testing - Option Period 1 | I40: =I11 -> 2013: Support Government Testing - Option Period 2 | M40: =M11 -> 3012: Support Government Testing - Option Period 3 | Q40: =Q11 -> 4008: Support Government Testing - Option Period 4
C41: Base | D41: Rates | E41: Cost | I41: Base | J41: Rates | K41: Cost | M41: Base | N41: Rates | O41: Cost | Q41: Base | R41: Rates | S41: Cost
B42: Total Proposed Material Cost | H42: Total Proposed Material Cost
B43: Proposed Add-on Factor (Overhead) | C43: =+E42 -> 0 | D43: 0 | E43: =+C43*D43 -> 0 | H43: Proposed Add-on Factor (Overhead) | I43: =+K42 -> 0 | J43: 0 | K43: =+I43*J43 -> 0 | M43: =+O42 -> 0 | N43: 0 | O43: =+M43*N43 -> 0 | Q43: =+S42 -> 0 | R43: 0 | S43: =+Q43*R43 -> 0
B44: Proposed Add-on Factor (G&A) | C44: =+C43+E43 -> 0 | D44: 0 | E44: =+C44*D44 -> 0 | H44: Proposed Add-on Factor (G&A) | I44: =+I43+K43 -> 0 | J44: 0 | K44: =+I44*J44 -> 0 | M44: =+M43+O43 -> 0 | N44: 0 | O44: =+M44*N44 -> 0 | Q44: =+Q43+S43 -> 0 | R44: 0 | S44: =+Q44*R44 -> 0
B45: Proposed Add-on Factor (COM) | C45: =+C43 -> 0 | D45: 0 | E45: =+C45*D45 -> 0 | H45: Proposed Add-on Factor (COM) | I45: =+I43 -> 0 | J45: 0 | K45: =+I45*J45 -> 0 | M45: =+M43 -> 0 | N45: 0 | O45: =+M45*N45 -> 0 | Q45: =+Q43 -> 0 | R45: 0 | S45: =+Q45*R45 -> 0
B46: Proposed Add-on Factor (Fee) | C46: =+C44+E44 -> 0 | D46: 0 | E46: =+C46*D46 -> 0 | H46: Proposed Add-on Factor (Fee) | I46: =+I44+K44 -> 0 | J46: 0 | K46: =+I46*J46 -> 0 | M46: =+M44+O44 -> 0 | N46: 0 | O46: =+M46*N46 -> 0 | Q46: =+Q44+S44 -> 0 | R46: 0 | S46: =+Q46*R46 -> 0
B47: Total Proposed Cost | E47: =+ROUND(SUM(E42:E44),0) -> 0 | H47: Total Proposed Target Cost | K47: =+ROUND(SUM(K42:K44),0) -> 0 | O47: =+ROUND(SUM(O42:O44),0) -> 0 | S47: =+ROUND(SUM(S42:S44),0) -> 0
B48: Total Proposed COM | E48: =+ROUND(E45,0) -> 0 | H48: Total Proposed Target COM | K48: =+ROUND(K45,0) -> 0 | O48: =+ROUND(O45,0) -> 0 | S48: =+ROUND(S45,0) -> 0
B49: Total Proposed Fee | E49: =+ROUND(E46,0) -> 0 | H49: Total Proposed Target Fee | K49: =+ROUND(K46,0) -> 0 | O49: =+ROUND(O46,0) -> 0 | S49: =+ROUND(S46,0) -> 0
B50: Total Proposed Price | E50: =SUM(E47:E49) -> 0 | H50: Total Proposed Target Price | K50: =SUM(K47:K49) -> 0 | O50: =SUM(O47:O49) -> 0 | S50: =SUM(S47:S49) -> 0
B52: =B39 -> CLIN 1011: CPFF | C52: Proposed Prices (Other Direct Cost) | I52: Proposed Prices (Other Direct Cost) | M52: Proposed Prices (Other Direct Cost) | Q52: Proposed Prices (Other Direct Cost)
C53: =C40 -> 1011: Support Government Testing - Option Period 1 | I53: =I40 -> 2013: Support Government Testing - Option Period 2 | M53: =M40 -> 3012: Support Government Testing - Option Period 3 | Q53: =Q40 -> 4008: Support Government Testing - Option Period 4
C54: Base | D54: Rates | E54: Cost | I54: Base | J54: Rates | K54: Cost | M54: Base | N54: Rates | O54: Cost | Q54: Base | R54: Rates | S54: Cost
B55: Total Proposed Other Direct Cost (ODC) | H55: Total Proposed Other Direct Cost (ODC)
B56: Proposed Add-on Factor (Overhead) | C56: =+E55 -> 0 | D56: 0 | E56: =+C56*D56 -> 0 | H56: Proposed Add-on Factor (Overhead) | I56: =+K55 -> 0 | J56: 0 | K56: =+I56*J56 -> 0 | M56: =+O55 -> 0 | N56: 0 | O56: =+M56*N56 -> 0 | Q56: =+S55 -> 0 | R56: 0 | S56: =+Q56*R56 -> 0
B57: Proposed Add-on Factor (G&A) | C57: =+C56+E56 -> 0 | D57: 0 | E57: =+C57*D57 -> 0 | H57: Proposed Add-on Factor (G&A) | I57: =+I56+K56 -> 0 | J57: 0 | K57: =+I57*J57 -> 0 | M57: =+M56+O56 -> 0 | N57: 0 | O57: =+M57*N57 -> 0 | Q57: =+Q56+S56 -> 0 | R57: 0 | S57: =+Q57*R57 -> 0
B58: Proposed Add-on Factor (COM) | C58: =+C56 -> 0 | D58: 0 | E58: =+C58*D58 -> 0 | H58: Proposed Add-on Factor (COM) | I58: =+I56 -> 0 | J58: 0 | K58: =+I58*J58 -> 0 | M58: =+M56 -> 0 | N58: 0 | O58: =+M58*N58 -> 0 | Q58: =+Q56 -> 0 | R58: 0 | S58: =+Q58*R58 -> 0
B59: Proposed Add-on Factor (Fee) | C59: =+C57+E57 -> 0 | D59: 0 | E59: =+C59*D59 -> 0 | H59: Proposed Add-on Factor (Fee) | I59: =+I57+K57 -> 0 | J59: 0 | K59: =+I59*J59 -> 0 | M59: =+M57+O57 -> 0 | N59: 0 | O59: =+M59*N59 -> 0 | Q59: =+Q57+S57 -> 0 | R59: 0 | S59: =+Q59*R59 -> 0
B60: Total Proposed Cost | E60: =+ROUND(SUM(E55:E57),0) -> 0 | H60: Total Proposed Target Cost | K60: =+ROUND(SUM(K55:K57),0) -> 0 | O60: =+ROUND(SUM(O55:O57),0) -> 0 | S60: =+ROUND(SUM(S55:S57),0) -> 0
B61: Total Proposed COM | E61: =+ROUND(E58,0) -> 0 | H61: Total Proposed Target COM | K61: =+ROUND(K58,0) -> 0 | O61: =+ROUND(O58,0) -> 0 | S61: =+ROUND(S58,0) -> 0
B62: Total Proposed Fee | E62: =+ROUND(E59,0) -> 0 | H62: Total Proposed Target Fee | K62: =+ROUND(K59,0) -> 0 | O62: =+ROUND(O59,0) -> 0 | S62: =+ROUND(S59,0) -> 0
B63: Total Proposed Price | E63: =SUM(E60:E62) -> 0 | H63: Total Proposed Target Price | K63: =SUM(K60:K62) -> 0 | O63: =SUM(O60:O62) -> 0 | S63: =SUM(S60:S62) -> 0
B66: =B52 -> CLIN 1011: CPFF | C66: Proposed Prices (Labor, Material, and ODC) | I66: Proposed Prices (Labor, Material, and ODC) | M66: Proposed Prices (Labor, Material, and ODC) | Q66: Proposed Prices (Labor, Material, and ODC)
E67: CLIN 1011: Option Period 1 (CPFF) | K67: CLIN 2013: Option Period 2 (CPIF) | O67: CLIN 3012: Option Period 3 (CPIF) | S67: CLIN 4008: Option Period 4 (CPIF)
B68: Total Proposed Cost | E68: =+ROUND(E33+E47+E60,0) -> 0 | H68: Total Proposed Target Cost | K68: =+ROUND(K33+K47+K60,0) -> 0 | O68: =+ROUND(O33+O47+O60,0) -> 0 | S68: =+ROUND(S33+S47+S60,0) -> 0
B69: Total Proposed COM | E69: =+ROUND(E34+E48+E61,0) -> 0 | H69: Total Proposed Target COM | K69: =+ROUND(K34+K48+K61,0) -> 0 | O69: =+ROUND(O34+O48+O61,0) -> 0 | S69: =+ROUND(S34+S48+S61,0) -> 0
B70: Total Proposed Fee | E70: =+ROUND(E35+E49+E62,0) -> 0 | H70: Total Proposed Target Fee | K70: =+ROUND(K35+K49+K62,0) -> 0 | O70: =+ROUND(O35+O49+O62,0) -> 0 | S70: =+ROUND(S35+S49+S62,0) -> 0
B71: Total Proposed Price | E71: =SUM(E68:E70) -> 0 | H71: Total Proposed Target Price | K71: =SUM(K68:K70) -> 0 | O71: =SUM(O68:O70) -> 0 | S71: =SUM(S68:S70) -> 0

Sheet Cost Format B_PRIME Rates
B1: Notes:
B2: 1. The format of this worksheet may be revised as required to be consistent with the contractor's approved accounting system to include, but not limited to, inserting additional labor categories and revising the indirect rate structure.
B3: 2. The Prime Offeror shall proposed labor rates and add-on factors in the yellow-highlighted cells below. All proposed labor rates shall be rounded to two (2) decimal places.
B4: 3. The Prime Offeror shall ensure the rate and add-on factor cells below are linked correctly to the relevant CPFF, CPIF, and CRNF rate cells on the prime's Cost Format A worksheets.
B5: 4. The Prime Offeror shall provide definitions of the labor categories and add-on factors in the 'Cost Format B_PRIME Rate Desc' worksheet.
C8: Proposed Direct Labor Rates
C9: Basic | D9: OPT I | E9: OPT II | F9: OPT III | G9: OPT IV
B10: Labor Category | C10: Hourly Rate | D10: Hourly Rate | E10: Hourly Rate | F10: Hourly Rate | G10: Hourly Rate
B11: Labor Category 1: [INSERT LABOR CATEGORY NAME HERE] | C11: 0 | D11: 0 | E11: 0 | F11: 0 | G11: 0
B12: Labor Category 2: [INSERT LABOR CATEGORY NAME HERE] | C12: 0 | D12: 0 | E12: 0 | F12: 0 | G12: 0
B13: Labor Category 3: [INSERT LABOR CATEGORY NAME HERE] | C13: 0 | D13: 0 | E13: 0 | F13: 0 | G13: 0
B14: Labor Category 4: [INSERT LABOR CATEGORY NAME HERE] | C14: 0 | D14: 0 | E14: 0 | F14: 0 | G14: 0
B15: Labor Category 5: [INSERT LABOR CATEGORY NAME HERE] | C15: 0 | D15: 0 | E15: 0 | F15: 0 | G15: 0
B16: Labor Category 6: [INSERT LABOR CATEGORY NAME HERE] | C16: 0 | D16: 0 | E16: 0 | F16: 0 | G16: 0
B17: Labor Category 7: [INSERT LABOR CATEGORY NAME HERE] | C17: 0 | D17: 0 | E17: 0 | F17: 0 | G17: 0
B18: Labor Category 8: [INSERT LABOR CATEGORY NAME HERE] | C18: 0 | D18: 0 | E18: 0 | F18: 0 | G18: 0
B19: Labor Category 9: [INSERT LABOR CATEGORY NAME HERE] | C19: 0 | D19: 0 | E19: 0 | F19: 0 | G19: 0
B20: Labor Category 10: [INSERT LABOR CATEGORY NAME HERE] | C20: 0 | D20: 0 | E20: 0 | F20: 0 | G20: 0
B21: Labor Category 11: [INSERT LABOR CATEGORY NAME HERE] | C21: 0 | D21: 0 | E21: 0 | F21: 0 | G21: 0
B22: Labor Category 12: [INSERT LABOR CATEGORY NAME HERE] | C22: 0 | D22: 0 | E22: 0 | F22: 0 | G22: 0
B23: Labor Category 13: [INSERT LABOR CATEGORY NAME HERE] | C23: 0 | D23: 0 | E23: 0 | F23: 0 | G23: 0
C26: Proposed Labor Add-on Factors
C27: Basic | D27: OPT I | E27: OPT II | F27: OPT III | G27: OPT IV
B28: Proposed Add-on Factor (Fringe)
B29: Proposed Add-on Factor (Overhead)
B30: Proposed Add-on Factor (G&A)
B31: Proposed Add-on Factor (COM)
B32: Proposed Add-on Factor (Fee)
C35: Proposed Material Add-on Factors
C36: Basic | D36: OPT I | E36: OPT II | F36: OPT III | G36: OPT IV
B37: Proposed Add-on Factor (Overhead)
B38: Proposed Add-on Factor (G&A)
B39: Proposed Add-on Factor (COM)
B40: Proposed Add-on Factor (Fee)
C43: Proposed Travel Add-on Factors
C44: Basic | D44: OPT I | E44: OPT II | F44: OPT III | G44: OPT IV
B45: Proposed Add-on Factor (Overhead)
B46: Proposed Add-on Factor (G&A)
B47: Proposed Add-on Factor (COM)

Sheet Cost Format B_PRIME Rate Desc
B1: Notes:
B2: 1. The format of this worksheet may be revised as necessary to accommodate additional labor categories as proposed by the Prime Offeror.
B3: 2. The Prime Offeror shall enter the labor category names in Column B as it pertains to the Prime Offeror's proposed labor for cost-type CLINs.
B4: 3. The Prime Offeror shall provide definitions of the labor categories and add-on factors in Column C. An example is provided in cell D10 and E11.
B5: 4. The Prime Offeror shall ensure the labor categories identified below are reflected on the Cost Format A tabs to provide a correlation for proposed labor.
C7: Labor Category and Add-on Factor Descriptions | D7: Example Labor Category | E7: Example Description
B9: Labor Category | C9: Description
B10: Labor Category 1: [INSERT LABOR CATEGORY NAME HERE] | D10: Quality Assurance Specialist | E10: Ensures compliance with U.S. export regulations. This position will manage the approval and documentation of exports of all components, data, and technical information. They will work closely with the Contracts Administrator and Program Manager to ensure that all international shipments, technical data exchanges, and communications comply with ITAR and EAR requirements. Additionally, they will monitor and enforce export licenses and ensure that proper reporting is conducted.
B11: Labor Category 2: [INSERT LABOR CATEGORY NAME HERE]
B12: Labor Category 3: [INSERT LABOR CATEGORY NAME HERE]
B13: Labor Category 4: [INSERT LABOR CATEGORY NAME HERE]
B14: Labor Category 5: [INSERT LABOR CATEGORY NAME HERE]
B15: Labor Category 6: [INSERT LABOR CATEGORY NAME HERE]
B16: Labor Category 7: [INSERT LABOR CATEGORY NAME HERE]
B17: Labor Category 8: [INSERT LABOR CATEGORY NAME HERE]
B18: Labor Category 9: [INSERT LABOR CATEGORY NAME HERE]
B19: Labor Category 10: [INSERT LABOR CATEGORY NAME HERE]
B20: Labor Category 11: [INSERT LABOR CATEGORY NAME HERE]
B21: Labor Category 12: [INSERT LABOR CATEGORY NAME HERE]
B22: Labor Category 13: [INSERT LABOR CATEGORY NAME HERE]

Sheet Cost Format D_CLIN X001 SUB
B1: Notes:
B2: 1. The format of this worksheet may be revised as required to be consistent with the major subcontractor's approved accounting system.
B3: 2. The Prime Offer shall have the major subcontractor propose labor hours, material costs, and other direct costs in the yellow-highlighted cells below.
B4: 3. The Prime Offeror shall ensure the yellow-highlighted rate cells below are linked correctly from the relevant labor rate and add-on factors in the 'Cost Format B_SUB Rates' worksheet.
B5: 4. The proposed factors will be applied to the total proposed labor hours and material cost.
B6: 5. Definitions of the labor categories and add-on factors are included in the 'Cost Format B_SUB Rate Desc' worksheet.
B7: 6. Each CPFF/CPIF Cost, COM and Fee shall be rounded to the nearest whole dollar.
B10: CLINs 0001 & 1001: CPFF | C10: Proposed Prices (Labor) | G10: Proposed Prices (Labor) | L10: CLINs 2001, 3001, & 4001: CPIF | M10: Proposed Prices (Labor) | Q10: Proposed Prices (Labor) | U10: Proposed Prices (Labor)
C11: 0001: F-16 O-Level Handheld/Pre-load Tester Prototype Design and Digital Development - Basic Period | G11: 1001: F-16 O-Level Handheld/Pre-load Tester EMD - Option Period 1 | M11: 2001: F-15 O-Level Handheld/Pre-load Tester EMD - Option Period 2 | Q11: 3001: A-10 O-Level Handheld/Pre-load Tester EMD - Option Period 3 | U11: 4001: F-15 I-Level Fault Isolation Tester EMD - Option Period 4
B12: Labor Category | C12: Hours | D12: Rates | E12: Cost | G12: Hours | H12: Rates | I12: Cost | L12: Labor Category | M12: Hours | N12: Rates | O12: Cost | Q12: Hours | R12: Rates | S12: Cost | U12: Hours | V12: Rates | W12: Cost
B13: Labor Category 1: [INSERT LABOR CATEGORY NAME HERE] | D13: 0 | E13: =+C13*D13 -> 0 | H13: 0 | I13: =+G13*H13 -> 0 | L13: Labor Category 1: [INSERT LABOR CATEGORY NAME HERE] | N13: 0 | O13: =+M13*N13 -> 0 | R13: 0 | S13: =+Q13*R13 -> 0 | V13: 0 | W13: =+U13*V13 -> 0
B14: Labor Category 2: [INSERT LABOR CATEGORY NAME HERE] | D14: 0 | E14: =+C14*D14 -> 0 | H14: 0 | I14: =+G14*H14 -> 0 | L14: Labor Category 2: [INSERT LABOR CATEGORY NAME HERE] | N14: 0 | O14: =+M14*N14 -> 0 | R14: 0 | S14: =+Q14*R14 -> 0 | V14: 0 | W14: =+U14*V14 -> 0
B15: Labor Category 3: [INSERT LABOR CATEGORY NAME HERE] | D15: 0 | E15: =+C15*D15 -> 0 | H15: 0 | I15: =+G15*H15 -> 0 | L15: Labor Category 3: [INSERT LABOR CATEGORY NAME HERE] | N15: 0 | O15: =+M15*N15 -> 0 | R15: 0 | S15: =+Q15*R15 -> 0 | V15: 0 | W15: =+U15*V15 -> 0
B16: Labor Category 4: [INSERT LABOR CATEGORY NAME HERE] | D16: 0 | E16: =+C16*D16 -> 0 | H16: 0 | I16: =+G16*H16 -> 0 | L16: Labor Category 4: [INSERT LABOR CATEGORY NAME HERE] | N16: 0 | O16: =+M16*N16 -> 0 | R16: 0 | S16: =+Q16*R16 -> 0 | V16: 0 | W16: =+U16*V16 -> 0
B17: Labor Category 5: [INSERT LABOR CATEGORY NAME HERE] | D17: 0 | E17: =+C17*D17 -> 0 | H17: 0 | I17: =+G17*H17 -> 0 | L17: Labor Category 5: [INSERT LABOR CATEGORY NAME HERE] | N17: 0 | O17: =+M17*N17 -> 0 | R17: 0 | S17: =+Q17*R17 -> 0 | V17: 0 | W17: =+U17*V17 -> 0
B18: Labor Category 6: [INSERT LABOR CATEGORY NAME HERE] | D18: 0 | E18: =+C18*D18 -> 0 | H18: 0 | I18: =+G18*H18 -> 0 | L18: Labor Category 6: [INSERT LABOR CATEGORY NAME HERE] | N18: 0 | O18: =+M18*N18 -> 0 | R18: 0 | S18: =+Q18*R18 -> 0 | V18: 0 | W18: =+U18*V18 -> 0
B19: Labor Category 7: [INSERT LABOR CATEGORY NAME HERE] | D19: 0 | E19: =+C19*D19 -> 0 | H19: 0 | I19: =+G19*H19 -> 0 | L19: Labor Category 7: [INSERT LABOR CATEGORY NAME HERE] | N19: 0 | O19: =+M19*N19 -> 0 | R19: 0 | S19: =+Q19*R19 -> 0 | V19: 0 | W19: =+U19*V19 -> 0
B20: Labor Category 8: [INSERT LABOR CATEGORY NAME HERE] | D20: 0 | E20: =+C20*D20 -> 0 | H20: 0 | I20: =+G20*H20 -> 0 | L20: Labor Category 8: [INSERT LABOR CATEGORY NAME HERE] | N20: 0 | O20: =+M20*N20 -> 0 | R20: 0 | S20: =+Q20*R20 -> 0 | V20: 0 | W20: =+U20*V20 -> 0
B21: Labor Category 9: [INSERT LABOR CATEGORY NAME HERE] | D21: 0 | E21: =+C21*D21 -> 0 | H21: 0 | I21: =+G21*H21 -> 0 | L21: Labor Category 9: [INSERT LABOR CATEGORY NAME HERE] | N21: 0 | O21: =+M21*N21 -> 0 | R21: 0 | S21: =+Q21*R21 -> 0 | V21: 0 | W21: =+U21*V21 -> 0
B22: Labor Category 10: [INSERT LABOR CATEGORY NAME HERE] | D22: 0 | E22: =+C22*D22 -> 0 | H22: 0 | I22: =+G22*H22 -> 0 | L22: Labor Category 10: [INSERT LABOR CATEGORY NAME HERE] | N22: 0 | O22: =+M22*N22 -> 0 | R22: 0 | S22: =+Q22*R22 -> 0 | V22: 0 | W22: =+U22*V22 -> 0
B23: Labor Category 11: [INSERT LABOR CATEGORY NAME HERE] | D23: 0 | E23: =+C23*D23 -> 0 | H23: 0 | I23: =+G23*H23 -> 0 | L23: Labor Category 11: [INSERT LABOR CATEGORY NAME HERE] | N23: 0 | O23: =+M23*N23 -> 0 | R23: 0 | S23: =+Q23*R23 -> 0 | V23: 0 | W23: =+U23*V23 -> 0
B24: Labor Category 12: [INSERT LABOR CATEGORY NAME HERE] | D24: 0 | E24: =+C24*D24 -> 0 | H24: 0 | I24: =+G24*H24 -> 0 | L24: Labor Category 12: [INSERT LABOR CATEGORY NAME HERE] | N24: 0 | O24: =+M24*N24 -> 0 | R24: 0 | S24: =+Q24*R24 -> 0 | V24: 0 | W24: =+U24*V24 -> 0
B25: Labor Category 13: [INSERT LABOR CATEGORY NAME HERE] | D25: 0 | E25: =+C25*D25 -> 0 | H25: 0 | I25: =+G25*H25 -> 0 | L25: Labor Category 13: [INSERT LABOR CATEGORY NAME HERE] | N25: 0 | O25: =+M25*N25 -> 0 | R25: 0 | S25: =+Q25*R25 -> 0 | V25: 0 | W25: =+U25*V25 -> 0
B26: TOTAL HOURS/COST | C26: =SUM(C13:C25) -> 0 | E26: =SUM(E13:E25) -> 0 | G26: =SUM(G13:G25) -> 0 | I26: =SUM(I13:I25) -> 0 | L26: TOTAL HOURS/COST | M26: =SUM(M13:M25) -> 0 | O26: =SUM(O13:O25) -> 0 | Q26: =SUM(Q13:Q25) -> 0 | S26: =SUM(S13:S25) -> 0 | U26: =SUM(U13:U25) -> 0 | W26: =SUM(W13:W25) -> 0
C27: Base | D27: Rates | E27: Cost | G27: Base | H27: Rates | I27: Cost | M27: Base | N27: Rates | O27: Cost | Q27: Base | R27: Rates | S27: Cost | U27: Base | V27: Rates | W27: Cost
B28: Proposed Add-on Factor (Fringe) | C28: =+E26 -> 0 | D28: 0 | E28: =+C28*D28 -> 0 | G28: =+I26 -> 0 | H28: 0 | I28: =+G28*H28 -> 0 | L28: Proposed Add-on Factor (Fringe) | M28: =+O26 -> 0 | N28: 0 | O28: =+M28*N28 -> 0 | Q28: =+S26 -> 0 | R28: 0 | S28: =+Q28*R28 -> 0 | U28: =+W26 -> 0 | V28: 0 | W28: =+U28*V28 -> 0
B29: Proposed Add-on Factor (Overhead) | C29: =+C28+E28 -> 0 | D29: 0 | E29: =+C29*D29 -> 0 | G29: =+G28+I28 -> 0 | H29: 0 | I29: =+G29*H29 -> 0 | L29: Proposed Add-on Factor (Overhead) | M29: =+M28+O28 -> 0 | N29: 0 | O29: =+M29*N29 -> 0 | Q29: =+Q28+S28 -> 0 | R29: 0 | S29: =+Q29*R29 -> 0 | U29: =+U28+W28 -> 0 | V29: 0 | W29: =+U29*V29 -> 0
B30: Proposed Add-on Factor (G&A) | C30: =+C29+E29 -> 0 | D30: 0 | E30: =+C30*D30 -> 0 | G30: =+G29+I29 -> 0 | H30: 0 | I30: =+G30*H30 -> 0 | L30: Proposed Add-on Factor (G&A) | M30: =+M29+O29 -> 0 | N30: 0 | O30: =+M30*N30 -> 0 | Q30: =+Q29+S29 -> 0 | R30: 0 | S30: =+Q30*R30 -> 0 | U30: =+U29+W29 -> 0 | V30: 0 | W30: =+U30*V30 -> 0
B31: Proposed Add-on Factor (COM) | C31: =+C28 -> 0 | D31: 0 | E31: =+C31*D31 -> 0 | G31: =+G28 -> 0 | H31: 0 | I31: =+G31*H31 -> 0 | L31: Proposed Add-on Factor (COM) | M31: =+M28 -> 0 | N31: 0 | O31: =+M31*N31 -> 0 | Q31: =+Q28 -> 0 | R31: 0 | S31: =+Q31*R31 -> 0 | U31: =+U28 -> 0 | V31: 0 | W31: =+U31*V31 -> 0
B32: Proposed Add-on Factor (Fee) | C32: =+C30+E30 -> 0 | D32: 0 | E32: =+C32*D32 -> 0 | G32: =+G30+I30 -> 0 | H32: 0 | I32: =+G32*H32 -> 0 | L32: Proposed Add-on Factor (Fee) | M32: =+M30+O30 -> 0 | N32: 0 | O32: =+M32*N32 -> 0 | Q32: =+Q30+S30 -> 0 | R32: 0 | S32: =+Q32*R32 -> 0 | U32: =+U30+W30 -> 0 | V32: 0 | W32: =+U32*V32 -> 0
B33: Total Proposed Cost | E33: =+SUM(E26,E28,E29,E30) -> 0 | I33: =+SUM(I26,I28,I29,I30) -> 0 | L33: Total Proposed Target Cost | O33: =+SUM(O26,O28,O29,O30) -> 0 | S33: =+SUM(S26,S28,S29,S30) -> 0 | W33: =+SUM(W26,W28,W29,W30) -> 0
B34: Total Proposed COM | E34: =+E31 -> 0 | I34: =+I31 -> 0 | L34: Total Proposed Target COM | O34: =+O31 -> 0 | S34: =+S31 -> 0 | W34: =+W31 -> 0
B35: Total Proposed Fee | E35: =+E32 -> 0 | I35: =+I32 -> 0 | L35: Total Proposed Target Fee | O35: =+O32 -> 0 | S35: =+S32 -> 0 | W35: =+W32 -> 0
B36: Total Proposed Price | E36: =SUM(E33:E35) -> 0 | I36: =SUM(I33:I35) -> 0 | L36: Total Proposed Target Price | O36: =SUM(O33:O35) -> 0 | S36: =SUM(S33:S35) -> 0 | W36: =SUM(W33:W35) -> 0
B39: =B10 -> CLINs 0001 & 1001: CPFF | C39: Proposed Prices (Material) | G39: Proposed Prices (Material) | M39: Proposed Prices (Material) | Q39: Proposed Prices (Material) | U39: Proposed Prices (Material)
C40: =C11 -> 0001: F-16 O-Level Handheld/Pre-load Tester Prototype Design and Digital Development - Basic Period | G40: =G11 -> 1001: F-16 O-Level Handheld/Pre-load Tester EMD - Option Period 1 | M40: =M11 -> 2001: F-15 O-Level Handheld/Pre-load Tester EMD - Option Period 2 | Q40: =Q11 -> 3001: A-10 O-Level Handheld/Pre-load Tester EMD - Option Period 3 | U40: =U11 -> 4001: F-15 I-Level Fault Isolation Tester EMD - Option Period 4
C41: Base | D41: Rates | E41: Cost | G41: Base | H41: Rates | I41: Cost | M41: Base | N41: Rates | O41: Cost | Q41: Base | R41: Rates | S41: Cost | U41: Base | V41: Rates | W41: Cost
B42: Total Proposed Material Cost | L42: Total Proposed Material Cost
B43: Proposed Add-on Factor (Overhead) | C43: =+E42 -> 0 | D43: 0 | E43: =+C43*D43 -> 0 | G43: =+I42 -> 0 | H43: 0 | I43: =+G43*H43 -> 0 | L43: Proposed Add-on Factor (Overhead) | M43: =+O42 -> 0 | N43: 0 | O43: =+M43*N43 -> 0 | Q43: =+S42 -> 0 | R43: 0 | S43: =+Q43*R43 -> 0 | U43: =+W42 -> 0 | V43: 0 | W43: =+U43*V43 -> 0
B44: Proposed Add-on Factor (G&A) | C44: =+C43+E43 -> 0 | D44: 0 | E44: =+C44*D44 -> 0 | G44: =+G43+I43 -> 0 | H44: 0 | I44: =+G44*H44 -> 0 | L44: Proposed Add-on Factor (G&A) | M44: =+M43+O43 -> 0 | N44: 0 | O44: =+M44*N44 -> 0 | Q44: =+Q43+S43 -> 0 | R44: 0 | S44: =+Q44*R44 -> 0 | U44: =+U43+W43 -> 0 | V44: 0 | W44: =+U44*V44 -> 0
B45: Proposed Add-on Factor (COM) | C45: =+C43 -> 0 | D45: 0 | E45: =+C45*D45 -> 0 | G45: =+G43 -> 0 | H45: 0 | I45: =+G45*H45 -> 0 | L45: Proposed Add-on Factor (COM) | M45: =+M43 -> 0 | N45: 0 | O45: =+M45*N45 -> 0 | Q45: =+Q43 -> 0 | R45: 0 | S45: =+Q45*R45 -> 0 | U45: =+U43 -> 0 | V45: 0 | W45: =+U45*V45 -> 0
B46: Proposed Add-on Factor (Fee) | C46: =+C44+E44 -> 0 | D46: 0 | E46: =+C46*D46 -> 0 | G46: =+G44+I44 -> 0 | H46: 0 | I46: =+G46*H46 -> 0 | L46: Proposed Add-on Factor (Fee) | M46: =+M44+O44 -> 0 | N46: 0 | O46: =+M46*N46 -> 0 | Q46: =+Q44+S44 -> 0 | R46: 0 | S46: =+Q46*R46 -> 0 | U46: =+U44+W44 -> 0 | V46: 0 | W46: =+U46*V46 -> 0
B47: Total Proposed Cost | E47: =+ROUND(SUM(E42:E44),0) -> 0 | I47: =+ROUND(SUM(I42:I44),0) -> 0 | L47: Total Proposed Target Cost | O47: =+ROUND(SUM(O42:O44),0) -> 0 | S47: =+ROUND(SUM(S42:S44),0) -> 0 | W47: =+ROUND(SUM(W42:W44),0) -> 0
B48: Total Proposed COM | E48: =+ROUND(E45,0) -> 0 | I48: =+ROUND(I45,0) -> 0 | L48: Total Proposed Target COM | O48: =+ROUND(O45,0) -> 0 | S48: =+ROUND(S45,0) -> 0 | W48: =+ROUND(W45,0) -> 0
B49: Total Proposed Fee | E49: =+ROUND(E46,0) -> 0 | I49: =+ROUND(I46,0) -> 0 | L49: Total Proposed Target Fee | O49: =+ROUND(O46,0) -> 0 | S49: =+ROUND(S46,0) -> 0 | W49: =+ROUND(W46,0) -> 0
B50: Total Proposed Price | E50: =SUM(E47:E49) -> 0 | I50: =SUM(I47:I49) -> 0 | L50: Total Proposed Target Price | O50: =SUM(O47:O49) -> 0 | S50: =SUM(S47:S49) -> 0 | W50: =SUM(W47:W49) -> 0
B52: =B39 -> CLINs 0001 & 1001: CPFF | C52: Proposed Prices (Other Direct Cost) | G52: Proposed Prices (Other Direct Cost) | M52: Proposed Prices (Other Direct Cost) | Q52: Proposed Prices (Other Direct Cost) | U52: Proposed Prices (Other Direct Cost)
C53: =C40 -> 0001: F-16 O-Level Handheld/Pre-load Tester Prototype Design and Digital Development - Basic Period | G53: =G40 -> 1001: F-16 O-Level Handheld/Pre-load Tester EMD - Option Period 1 | M53: =M40 -> 2001: F-15 O-Level Handheld/Pre-load Tester EMD - Option Period 2 | Q53: =Q40 -> 3001: A-10 O-Level Handheld/Pre-load Tester EMD - Option Period 3 | U53: =U40 -> 4001: F-15 I-Level Fault Isolation Tester EMD - Option Period 4
C54: Base | D54: Rates | E54: Cost | G54: Base | H54: Rates | I54: Cost | M54: Base | N54: Rates | O54: Cost | Q54: Base | R54: Rates | S54: Cost | U54: Base | V54: Rates | W54: Cost
B55: Total Proposed Other Direct Cost (ODC) | L55: Total Proposed Other Direct Cost (ODC)
B56: Proposed Add-on Factor (Overhead) | C56: =+E55 -> 0 | D56: 0 | E56: =+C56*D56 -> 0 | G56: =+I55 -> 0 | H56: 0 | I56: =+G56*H56 -> 0 | L56: Proposed Add-on Factor (Overhead) | M56: =+O55 -> 0 | N56: 0 | O56: =+M56*N56 -> 0 | Q56: =+S55 -> 0 | R56: 0 | S56: =+Q56*R56 -> 0 | U56: =+W55 -> 0 | V56: 0 | W56: =+U56*V56 -> 0
B57: Proposed Add-on Factor (G&A) | C57: =+C56+E56 -> 0 | D57: 0 | E57: =+C57*D57 -> 0 | G57: =+G56+I56 -> 0 | H57: 0 | I57: =+G57*H57 -> 0 | L57: Proposed Add-on Factor (G&A) | M57: =+M56+O56 -> 0 | N57: 0 | O57: =+M57*N57 -> 0 | Q57: =+Q56+S56 -> 0 | R57: 0 | S57: =+Q57*R57 -> 0 | U57: =+U56+W56 -> 0 | V57: 0 | W57: =+U57*V57 -> 0
B58: Proposed Add-on Factor (COM) | C58: =+C56 -> 0 | D58: 0 | E58: =+C58*D58 -> 0 | G58: =+G56 -> 0 | H58: 0 | I58: =+G58*H58 -> 0 | L58: Proposed Add-on Factor (COM) | M58: =+M56 -> 0 | N58: 0 | O58: =+M58*N58 -> 0 | Q58: =+Q56 -> 0 | R58: 0 | S58: =+Q58*R58 -> 0 | U58: =+U56 -> 0 | V58: 0 | W58: =+U58*V58 -> 0
B59: Proposed Add-on Factor (Fee) | C59: =+C57+E57 -> 0 | D59: 0 | E59: =+C59*D59 -> 0 | G59: =+G57+I57 -> 0 | H59: 0 | I59: =+G59*H59 -> 0 | L59: Proposed Add-on Factor (Fee) | M59: =+M57+O57 -> 0 | N59: 0 | O59: =+M59*N59 -> 0 | Q59: =+Q57+S57 -> 0 | R59: 0 | S59: =+Q59*R59 -> 0 | U59: =+U57+W57 -> 0 | V59: 0 | W59: =+U59*V59 -> 0
B60: Total Proposed Cost | E60: =+ROUND(SUM(E55:E57),0) -> 0 | I60: =+ROUND(SUM(I55:I57),0) -> 0 | L60: Total Proposed Target Cost | O60: =+ROUND(SUM(O55:O57),0) -> 0 | S60: =+ROUND(SUM(S55:S57),0) -> 0 | W60: =+ROUND(SUM(W55:W57),0) -> 0
B61: Total Proposed COM | E61: =+ROUND(E58,0) -> 0 | I61: =+ROUND(I58,0) -> 0 | L61: Total Proposed Target COM | O61: =+ROUND(O58,0) -> 0 | S61: =+ROUND(S58,0) -> 0 | W61: =+ROUND(W58,0) -> 0
B62: Total Proposed Fee | E62: =+ROUND(E59,0) -> 0 | I62: =+ROUND(I59,0) -> 0 | L62: Total Proposed Target Fee | O62: =+ROUND(O59,0) -> 0 | S62: =+ROUND(S59,0) -> 0 | W62: =+ROUND(W59,0) -> 0
B63: Total Proposed Price | E63: =SUM(E60:E62) -> 0 | I63: =SUM(I60:I62) -> 0 | L63: Total Proposed Target Price | O63: =SUM(O60:O62) -> 0 | S63: =SUM(S60:S62) -> 0 | W63: =SUM(W60:W62) -> 0
B66: =B52 -> CLINs 0001 & 1001: CPFF | C66: Proposed Prices (Labor, Material, and ODC) | G66: Proposed Prices (Labor, Material, and ODC) | M66: Proposed Prices (Labor, Material, and ODC) | Q66: Proposed Prices (Labor, Material, and ODC) | U66: Proposed Prices (Labor, Material, and ODC)
E67: CLIN 0001: Basic Period (CPFF) | I67: CLIN 1001: Option Period 1 (CPFF) | O67: CLIN 2001: Option Period 2 (CPIF) | S67: CLIN 3001: Option Period 3 (CPIF) | W67: CLIN 4001: Option Period 4 (CPIF)
B68: Total Proposed Cost | E68: =+ROUND(E33+E47+E60,0) -> 0 | I68: =+ROUND(I33+I47+I60,0) -> 0 | L68: Total Proposed Target Cost | O68: =+ROUND(O33+O47+O60,0) -> 0 | S68: =+ROUND(S33+S47+S60,0) -> 0 | W68: =+ROUND(W33+W47+W60,0) -> 0
B69: Total Proposed COM | E69: =+ROUND(E34+E48+E61,0) -> 0 | I69: =+ROUND(I34+I48+I61,0) -> 0 | L69: Total Proposed Target COM | O69: =+ROUND(O34+O48+O61,0) -> 0 | S69: =+ROUND(S34+S48+S61,0) -> 0 | W69: =+ROUND(W34+W48+W61,0) -> 0
B70: Total Proposed Fee | E70: =+ROUND(E35+E49+E62,0) -> 0 | I70: =+ROUND(I35+I49+I62,0) -> 0 | L70: Total Proposed Target Fee | O70: =+ROUND(O35+O49+O62,0) -> 0 | S70: =+ROUND(S35+S49+S62,0) -> 0 | W70: =+ROUND(W35+W49+W62,0) -> 0
B71: Total Proposed Price | E71: =SUM(E68:E70) -> 0 | I71: =SUM(I68:I70) -> 0 | L71: Total Proposed Target Price | O71: =SUM(O68:O70) -> 0 | S71: =SUM(S68:S70) -> 0 | W71: =SUM(W68:W70) -> 0

Sheet Cost Format D_CLIN X002 SUB
B1: Notes:
B2: 1. The format of this worksheet may be revised as required to be consistent with the major subcontractor's approved accounting system.
B3: 2. The Prime Offer shall have the major subcontractor propose labor hours, material costs, and other direct costs in the yellow-highlighted cells below.
B4: 3. The Prime Offeror shall ensure the yellow-highlighted rate cells below are linked correctly from the relevant labor rate and add-on factors in the 'Cost Format B_SUB Rates' worksheet.
B5: 4. The proposed factors will be applied to the total proposed labor hours and material cost.
B6: 5. Definitions of the labor categories and add-on factors are included in the 'Cost Format B_SUB Rate Desc' worksheet.
B7: 6. Each CPFF/CPIF Cost, COM and Fee shall be rounded to the nearest whole dollar.
B10: CLINs 0002 & 1002: CPFF | C10: Proposed Prices (Labor) | G10: Proposed Prices (Labor) | L10: CLINs 2002, 3002, & 4002: CPIF | M10: Proposed Prices (Labor) | Q10: Proposed Prices (Labor) | U10: Proposed Prices (Labor)
C11: 0002: F-15 O-Level Handheld/Pre-load Tester Prototype design and digital development - Basic Period | G11: 1002: F-15 O-Level Handheld/Pre-load Tester EMD - Option Period 1 | M11: 2002: A-10 O-Level Handheld/Pre-load Tester EMD - Option Period 2 | Q11: 3002: F-16 I-Level Fault Isolation Tester EMD - Option Period 3 | U11: 4002: A-10 I-Level Fault Isolation Tester EMD - Option Period 4
B12: Labor Category | C12: Hours | D12: Rates | E12: Cost | G12: Hours | H12: Rates | I12: Cost | L12: Labor Category | M12: Hours | N12: Rates | O12: Cost | Q12: Hours | R12: Rates | S12: Cost | U12: Hours | V12: Rates | W12: Cost
B13: Labor Category 1: [INSERT LABOR CATEGORY NAME HERE] | D13: 0 | E13: =+C13*D13 -> 0 | H13: 0 | I13: =+G13*H13 -> 0 | L13: Labor Category 1: [INSERT LABOR CATEGORY NAME HERE] | N13: 0 | O13: =+M13*N13 -> 0 | R13: 0 | S13: =+Q13*R13 -> 0 | V13: 0 | W13: =+U13*V13 -> 0
B14: Labor Category 2: [INSERT LABOR CATEGORY NAME HERE] | D14: 0 | E14: =+C14*D14 -> 0 | H14: 0 | I14: =+G14*H14 -> 0 | L14: Labor Category 2: [INSERT LABOR CATEGORY NAME HERE] | N14: 0 | O14: =+M14*N14 -> 0 | R14: 0 | S14: =+Q14*R14 -> 0 | V14: 0 | W14: =+U14*V14 -> 0
B15: Labor Category 3: [INSERT LABOR CATEGORY NAME HERE] | D15: 0 | E15: =+C15*D15 -> 0 | H15: 0 | I15: =+G15*H15 -> 0 | L15: Labor Category 3: [INSERT LABOR CATEGORY NAME HERE] | N15: 0 | O15: =+M15*N15 -> 0 | R15: 0 | S15: =+Q15*R15 -> 0 | V15: 0 | W15: =+U15*V15 -> 0
B16: Labor Category 4: [INSERT LABOR CATEGORY NAME HERE] | D16: 0 | E16: =+C16*D16 -> 0 | H16: 0 | I16: =+G16*H16 -> 0 | L16: Labor Category 4: [INSERT LABOR CATEGORY NAME HERE] | N16: 0 | O16: =+M16*N16 -> 0 | R16: 0 | S16: =+Q16*R16 -> 0 | V16: 0 | W16: =+U16*V16 -> 0
B17: Labor Category 5: [INSERT LABOR CATEGORY NAME HERE] | D17: 0 | E17: =+C17*D17 -> 0 | H17: 0 | I17: =+G17*H17 -> 0 | L17: Labor Category 5: [INSERT LABOR CATEGORY NAME HERE] | N17: 0 | O17: =+M17*N17 -> 0 | R17: 0 | S17: =+Q17*R17 -> 0 | V17: 0 | W17: =+U17*V17 -> 0
B18: Labor Category 6: [INSERT LABOR CATEGORY NAME HERE] | D18: 0 | E18: =+C18*D18 -> 0 | H18: 0 | I18: =+G18*H18 -> 0 | L18: Labor Category 6: [INSERT LABOR CATEGORY NAME HERE] | N18: 0 | O18: =+M18*N18 -> 0 | R18: 0 | S18: =+Q18*R18 -> 0 | V18: 0 | W18: =+U18*V18 -> 0
B19: Labor Category 7: [INSERT LABOR CATEGORY NAME HERE] | D19: 0 | E19: =+C19*D19 -> 0 | H19: 0 | I19: =+G19*H19 -> 0 | L19: Labor Category 7: [INSERT LABOR CATEGORY NAME HERE] | N19: 0 | O19: =+M19*N19 -> 0 | R19: 0 | S19: =+Q19*R19 -> 0 | V19: 0 | W19: =+U19*V19 -> 0
B20: Labor Category 8: [INSERT LABOR CATEGORY NAME HERE] | D20: 0 | E20: =+C20*D20 -> 0 | H20: 0 | I20: =+G20*H20 -> 0 | L20: Labor Category 8: [INSERT LABOR CATEGORY NAME HERE] | N20: 0 | O20: =+M20*N20 -> 0 | R20: 0 | S20: =+Q20*R20 -> 0 | V20: 0 | W20: =+U20*V20 -> 0
B21: Labor Category 9: [INSERT LABOR CATEGORY NAME HERE] | D21: 0 | E21: =+C21*D21 -> 0 | H21: 0 | I21: =+G21*H21 -> 0 | L21: Labor Category 9: [INSERT LABOR CATEGORY NAME HERE] | N21: 0 | O21: =+M21*N21 -> 0 | R21: 0 | S21: =+Q21*R21 -> 0 | V21: 0 | W21: =+U21*V21 -> 0
B22: Labor Category 10: [INSERT LABOR CATEGORY NAME HERE] | D22: 0 | E22: =+C22*D22 -> 0 | H22: 0 | I22: =+G22*H22 -> 0 | L22: Labor Category 10: [INSERT LABOR CATEGORY NAME HERE] | N22: 0 | O22: =+M22*N22 -> 0 | R22: 0 | S22: =+Q22*R22 -> 0 | V22: 0 | W22: =+U22*V22 -> 0
B23: Labor Category 11: [INSERT LABOR CATEGORY NAME HERE] | D23: 0 | E23: =+C23*D23 -> 0 | H23: 0 | I23: =+G23*H23 -> 0 | L23: Labor Category 11: [INSERT LABOR CATEGORY NAME HERE] | N23: 0 | O23: =+M23*N23 -> 0 | R23: 0 | S23: =+Q23*R23 -> 0 | V23: 0 | W23: =+U23*V23 -> 0
B24: Labor Category 12: [INSERT LABOR CATEGORY NAME HERE] | D24: 0 | E24: =+C24*D24 -> 0 | H24: 0 | I24: =+G24*H24 -> 0 | L24: Labor Category 12: [INSERT LABOR CATEGORY NAME HERE] | N24: 0 | O24: =+M24*N24 -> 0 | R24: 0 | S24: =+Q24*R24 -> 0 | V24: 0 | W24: =+U24*V24 -> 0
B25: Labor Category 13: [INSERT LABOR CATEGORY NAME HERE] | D25: 0 | E25: =+C25*D25 -> 0 | H25: 0 | I25: =+G25*H25 -> 0 | L25: Labor Category 13: [INSERT LABOR CATEGORY NAME HERE] | N25: 0 | O25: =+M25*N25 -> 0 | R25: 0 | S25: =+Q25*R25 -> 0 | V25: 0 | W25: =+U25*V25 -> 0
B26: TOTAL HOURS/COST | C26: =SUM(C13:C25) -> 0 | E26: =SUM(E13:E25) -> 0 | G26: =SUM(G13:G25) -> 0 | I26: =SUM(I13:I25) -> 0 | L26: TOTAL HOURS/COST | M26: =SUM(M13:M25) -> 0 | O26: =SUM(O13:O25) -> 0 | Q26: =SUM(Q13:Q25) -> 0 | S26: =SUM(S13:S25) -> 0 | U26: =SUM(U13:U25) -> 0 | W26: =SUM(W13:W25) -> 0
C27: Base | D27: Rates | E27: Cost | G27: Base | H27: Rates | I27: Cost | M27: Base | N27: Rates | O27: Cost | Q27: Base | R27: Rates | S27: Cost | U27: Base | V27: Rates | W27: Cost
B28: Proposed Add-on Factor (Fringe) | C28: =+E26 -> 0 | D28: 0 | E28: =+C28*D28 -> 0 | G28: =+I26 -> 0 | H28: 0 | I28: =+G28*H28 -> 0 | L28: Proposed Add-on Factor (Fringe) | M28: =+O26 -> 0 | N28: 0 | O28: =+M28*N28 -> 0 | Q28: =+S26 -> 0 | R28: 0 | S28: =+Q28*R28 -> 0 | U28: =+W26 -> 0 | V28: 0 | W28: =+U28*V28 -> 0
B29: Proposed Add-on Factor (Overhead) | C29: =+C28+E28 -> 0 | D29: 0 | E29: =+C29*D29 -> 0 | G29: =+G28+I28 -> 0 | H29: 0 | I29: =+G29*H29 -> 0 | L29: Proposed Add-on Factor (Overhead) | M29: =+M28+O28 -> 0 | N29: 0 | O29: =+M29*N29 -> 0 | Q29: =+Q28+S28 -> 0 | R29: 0 | S29: =+Q29*R29 -> 0 | U29: =+U28+W28 -> 0 | V29: 0 | W29: =+U29*V29 -> 0
B30: Proposed Add-on Factor (G&A) | C30: =+C29+E29 -> 0 | D30: 0 | E30: =+C30*D30 -> 0 | G30: =+G29+I29 -> 0 | H30: 0 | I30: =+G30*H30 -> 0 | L30: Proposed Add-on Factor (G&A) | M30: =+M29+O29 -> 0 | N30: 0 | O30: =+M30*N30 -> 0 | Q30: =+Q29+S29 -> 0 | R30: 0 | S30: =+Q30*R30 -> 0 | U30: =+U29+W29 -> 0 | V30: 0 | W30: =+U30*V30 -> 0
B31: Proposed Add-on Factor (COM) | C31: =+C28 -> 0 | D31: 0 | E31: =+C31*D31 -> 0 | G31: =+G28 -> 0 | H31: 0 | I31: =+G31*H31 -> 0 | L31: Proposed Add-on Factor (COM) | M31: =+M28 -> 0 | N31: 0 | O31: =+M31*N31 -> 0 | Q31: =+Q28 -> 0 | R31: 0 | S31: =+Q31*R31 -> 0 | U31: =+U28 -> 0 | V31: 0 | W31: =+U31*V31 -> 0
B32: Proposed Add-on Factor (Fee) | C32: =+C30+E30 -> 0 | D32: 0 | E32: =+C32*D32 -> 0 | G32: =+G30+I30 -> 0 | H32: 0 | I32: =+G32*H32 -> 0 | L32: Proposed Add-on Factor (Fee) | M32: =+M30+O30 -> 0 | N32: 0 | O32: =+M32*N32 -> 0 | Q32: =+Q30+S30 -> 0 | R32: 0 | S32: =+Q32*R32 -> 0 | U32: =+U30+W30 -> 0 | V32: 0 | W32: =+U32*V32 -> 0
B33: Total Proposed Cost | E33: =+SUM(E26,E28,E29,E30) -> 0 | I33: =+SUM(I26,I28,I29,I30) -> 0 | L33: Total Proposed Target Cost | O33: =+SUM(O26,O28,O29,O30) -> 0 | S33: =+SUM(S26,S28,S29,S30) -> 0 | W33: =+SUM(W26,W28,W29,W30) -> 0
B34: Total Proposed COM | E34: =+E31 -> 0 | I34: =+I31 -> 0 | L34: Total Proposed Target COM | O34: =+O31 -> 0 | S34: =+S31 -> 0 | W34: =+W31 -> 0
B35: Total Proposed Fee | E35: =+E32 -> 0 | I35: =+I32 -> 0 | L35: Total Proposed Target Fee | O35: =+O32 -> 0 | S35: =+S32 -> 0 | W35: =+W32 -> 0
B36: Total Proposed Price | E36: =SUM(E33:E35) -> 0 | I36: =SUM(I33:I35) -> 0 | L36: Total Proposed Target Price | O36: =SUM(O33:O35) -> 0 | S36: =SUM(S33:S35) -> 0 | W36: =SUM(W33:W35) -> 0
B39: =B10 -> CLINs 0002 & 1002: CPFF | C39: Proposed Prices (Material) | G39: Proposed Prices (Material) | M39: Proposed Prices (Material) | Q39: Proposed Prices (Material) | U39: Proposed Prices (Material)
C40: =C11 -> 0002: F-15 O-Level Handheld/Pre-load Tester Prototype design and digital development - Basic Period | G40: =G11 -> 1002: F-15 O-Level Handheld/Pre-load Tester EMD - Option Period 1 | M40: =M11 -> 2002: A-10 O-Level Handheld/Pre-load Tester EMD - Option Period 2 | Q40: =Q11 -> 3002: F-16 I-Level Fault Isolation Tester EMD - Option Period 3 | U40: =U11 -> 4002: A-10 I-Level Fault Isolation Tester EMD - Option Period 4
C41: Base | D41: Rates | E41: Cost | G41: Base | H41: Rates | I41: Cost | M41: Base | N41: Rates | O41: Cost | Q41: Base | R41: Rates | S41: Cost | U41: Base | V41: Rates | W41: Cost
B42: Total Proposed Material Cost | L42: Total Proposed Material Cost
B43: Proposed Add-on Factor (Overhead) | C43: =+E42 -> 0 | D43: 0 | E43: =+C43*D43 -> 0 | G43: =+I42 -> 0 | H43: 0 | I43: =+G43*H43 -> 0 | L43: Proposed Add-on Factor (Overhead) | M43: =+O42 -> 0 | N43: 0 | O43: =+M43*N43 -> 0 | Q43: =+S42 -> 0 | R43: 0 | S43: =+Q43*R43 -> 0 | U43: =+W42 -> 0 | V43: 0 | W43: =+U43*V43 -> 0
B44: Proposed Add-on Factor (G&A) | C44: =+C43+E43 -> 0 | D44: 0 | E44: =+C44*D44 -> 0 | G44: =+G43+I43 -> 0 | H44: 0 | I44: =+G44*H44 -> 0 | L44: Proposed Add-on Factor (G&A) | M44: =+M43+O43 -> 0 | N44: 0 | O44: =+M44*N44 -> 0 | Q44: =+Q43+S43 -> 0 | R44: 0 | S44: =+Q44*R44 -> 0 | U44: =+U43+W43 -> 0 | V44: 0 | W44: =+U44*V44 -> 0
B45: Proposed Add-on Factor (COM) | C45: =+C43 -> 0 | D45: 0 | E45: =+C45*D45 -> 0 | G45: =+G43 -> 0 | H45: 0 | I45: =+G45*H45 -> 0 | L45: Proposed Add-on Factor (COM) | M45: =+M43 -> 0 | N45: 0 | O45: =+M45*N45 -> 0 | Q45: =+Q43 -> 0 | R45: 0 | S45: =+Q45*R45 -> 0 | U45: =+U43 -> 0 | V45: 0 | W45: =+U45*V45 -> 0
B46: Proposed Add-on Factor (Fee) | C46: =+C44+E44 -> 0 | D46: 0 | E46: =+C46*D46 -> 0 | G46: =+G44+I44 -> 0 | H46: 0 | I46: =+G46*H46 -> 0 | L46: Proposed Add-on Factor (Fee) | M46: =+M44+O44 -> 0 | N46: 0 | O46: =+M46*N46 -> 0 | Q46: =+Q44+S44 -> 0 | R46: 0 | S46: =+Q46*R46 -> 0 | U46: =+U44+W44 -> 0 | V46: 0 | W46: =+U46*V46 -> 0
B47: Total Proposed Cost | E47: =+ROUND(SUM(E42:E44),0) -> 0 | I47: =+ROUND(SUM(I42:I44),0) -> 0 | L47: Total Proposed Target Cost | O47: =+ROUND(SUM(O42:O44),0) -> 0 | S47: =+ROUND(SUM(S42:S44),0) -> 0 | W47: =+ROUND(SUM(W42:W44),0) -> 0
B48: Total Proposed COM | E48: =+ROUND(E45,0) -> 0 | I48: =+ROUND(I45,0) -> 0 | L48: Total Proposed Target COM | O48: =+ROUND(O45,0) -> 0 | S48: =+ROUND(S45,0) -> 0 | W48: =+ROUND(W45,0) -> 0
B49: Total Proposed Fee | E49: =+ROUND(E46,0) -> 0 | I49: =+ROUND(I46,0) -> 0 | L49: Total Proposed Target Fee | O49: =+ROUND(O46,0) -> 0 | S49: =+ROUND(S46,0) -> 0 | W49: =+ROUND(W46,0) -> 0
B50: Total Proposed Price | E50: =SUM(E47:E49) -> 0 | I50: =SUM(I47:I49) -> 0 | L50: Total Proposed Target Price | O50: =SUM(O47:O49) -> 0 | S50: =SUM(S47:S49) -> 0 | W50: =SUM(W47:W49) -> 0
B52: =B39 -> CLINs 0002 & 1002: CPFF | C52: Proposed Prices (Other Direct Cost) | G52: Proposed Prices (Other Direct Cost) | M52: Proposed Prices (Other Direct Cost) | Q52: Proposed Prices (Other Direct Cost) | U52: Proposed Prices (Other Direct Cost)
C53: =C40 -> 0002: F-15 O-Level Handheld/Pre-load Tester Prototype design and digital development - Basic Period | G53: =G40 -> 1002: F-15 O-Level Handheld/Pre-load Tester EMD - Option Period 1 | M53: =M40 -> 2002: A-10 O-Level Handheld/Pre-load Tester EMD - Option Period 2 | Q53: =Q40 -> 3002: F-16 I-Level Fault Isolation Tester EMD - Option Period 3 | U53: =U40 -> 4002: A-10 I-Level Fault Isolation Tester EMD - Option Period 4
C54: Base | D54: Rates | E54: Cost | G54: Base | H54: Rates | I54: Cost | M54: Base | N54: Rates | O54: Cost | Q54: Base | R54: Rates | S54: Cost | U54: Base | V54: Rates | W54: Cost
B55: Total Proposed Other Direct Cost (ODC) | L55: Total Proposed Other Direct Cost (ODC)
B56: Proposed Add-on Factor (Overhead) | C56: =+E55 -> 0 | D56: 0 | E56: =+C56*D56 -> 0 | G56: =+I55 -> 0 | H56: 0 | I56: =+G56*H56 -> 0 | L56: Proposed Add-on Factor (Overhead) | M56: =+O55 -> 0 | N56: 0 | O56: =+M56*N56 -> 0 | Q56: =+S55 -> 0 | R56: 0 | S56: =+Q56*R56 -> 0 | U56: =+W55 -> 0 | V56: 0 | W56: =+U56*V56 -> 0
B57: Proposed Add-on Factor (G&A) | C57: =+C56+E56 -> 0 | D57: 0 | E57: =+C57*D57 -> 0 | G57: =+G56+I56 -> 0 | H57: 0 | I57: =+G57*H57 -> 0 | L57: Proposed Add-on Factor (G&A) | M57: =+M56+O56 -> 0 | N57: 0 | O57: =+M57*N57 -> 0 | Q57: =+Q56+S56 -> 0 | R57: 0 | S57: =+Q57*R57 -> 0 | U57: =+U56+W56 -> 0 | V57: 0 | W57: =+U57*V57 -> 0
B58: Proposed Add-on Factor (COM) | C58: =+C56 -> 0 | D58: 0 | E58: =+C58*D58 -> 0 | G58: =+G56 -> 0 | H58: 0 | I58: =+G58*H58 -> 0 | L58: Proposed Add-on Factor (COM) | M58: =+M56 -> 0 | N58: 0 | O58: =+M58*N58 -> 0 | Q58: =+Q56 -> 0 | R58: 0 | S58: =+Q58*R58 -> 0 | U58: =+U56 -> 0 | V58: 0 | W58: =+U58*V58 -> 0
B59: Proposed Add-on Factor (Fee) | C59: =+C57+E57 -> 0 | D59: 0 | E59: =+C59*D59 -> 0 | G59: =+G57+I57 -> 0 | H59: 0 | I59: =+G59*H59 -> 0 | L59: Proposed Add-on Factor (Fee) | M59: =+M57+O57 -> 0 | N59: 0 | O59: =+M59*N59 -> 0 | Q59: =+Q57+S57 -> 0 | R59: 0 | S59: =+Q59*R59 -> 0 | U59: =+U57+W57 -> 0 | V59: 0 | W59: =+U59*V59 -> 0
B60: Total Proposed Cost | E60: =+ROUND(SUM(E55:E57),0) -> 0 | I60: =+ROUND(SUM(I55:I57),0) -> 0 | L60: Total Proposed Target Cost | O60: =+ROUND(SUM(O55:O57),0) -> 0 | S60: =+ROUND(SUM(S55:S57),0) -> 0 | W60: =+ROUND(SUM(W55:W57),0) -> 0
B61: Total Proposed COM | E61: =+ROUND(E58,0) -> 0 | I61: =+ROUND(I58,0) -> 0 | L61: Total Proposed Target COM | O61: =+ROUND(O58,0) -> 0 | S61: =+ROUND(S58,0) -> 0 | W61: =+ROUND(W58,0) -> 0
B62: Total Proposed Fee | E62: =+ROUND(E59,0) -> 0 | I62: =+ROUND(I59,0) -> 0 | L62: Total Proposed Target Fee | O62: =+ROUND(O59,0) -> 0 | S62: =+ROUND(S59,0) -> 0 | W62: =+ROUND(W59,0) -> 0
B63: Total Proposed Price | E63: =SUM(E60:E62) -> 0 | I63: =SUM(I60:I62) -> 0 | L63: Total Proposed Target Price | O63: =SUM(O60:O62) -> 0 | S63: =SUM(S60:S62) -> 0 | W63: =SUM(W60:W62) -> 0
B66: =B52 -> CLINs 0002 & 1002: CPFF | C66: Proposed Prices (Labor, Material, and ODC) | G66: Proposed Prices (Labor, Material, and ODC) | M66: Proposed Prices (Labor, Material, and ODC) | Q66: Proposed Prices (Labor, Material, and ODC) | U66: Proposed Prices (Labor, Material, and ODC)
E67: CLIN 0002: Basic Period (CPFF) | I67: CLIN 1002: Option Period 1 (CPFF) | O67: CLIN 2002: Option Period 2 (CPIF) | S67: CLIN 3002: Option Period 3 (CPIF) | W67: CLIN 4002: Option Period 4 (CPIF)
B68: Total Proposed Cost | E68: =+ROUND(E33+E47+E60,0) -> 0 | I68: =+ROUND(I33+I47+I60,0) -> 0 | L68: Total Proposed Target Cost | O68: =+ROUND(O33+O47+O60,0) -> 0 | S68: =+ROUND(S33+S47+S60,0) -> 0 | W68: =+ROUND(W33+W47+W60,0) -> 0
B69: Total Proposed COM | E69: =+ROUND(E34+E48+E61,0) -> 0 | I69: =+ROUND(I34+I48+I61,0) -> 0 | L69: Total Proposed Target COM | O69: =+ROUND(O34+O48+O61,0) -> 0 | S69: =+ROUND(S34+S48+S61,0) -> 0 | W69: =+ROUND(W34+W48+W61,0) -> 0
B70: Total Proposed Fee | E70: =+ROUND(E35+E49+E62,0) -> 0 | I70: =+ROUND(I35+I49+I62,0) -> 0 | L70: Total Proposed Target Fee | O70: =+ROUND(O35+O49+O62,0) -> 0 | S70: =+ROUND(S35+S49+S62,0) -> 0 | W70: =+ROUND(W35+W49+W62,0) -> 0
B71: Total Proposed Price | E71: =SUM(E68:E70) -> 0 | I71: =SUM(I68:I70) -> 0 | L71: Total Proposed Target Price | O71: =SUM(O68:O70) -> 0 | S71: =SUM(S68:S70) -> 0 | W71: =SUM(W68:W70) -> 0

Sheet Cost Format D_CLIN X003 SUB
B1: Notes:
B2: 1. The format of this worksheet may be revised as required to be consistent with the major subcontractor's approved accounting system.
B3: 2. The Prime Offer shall have the major subcontractor propose labor hours, material costs, and other direct costs in the yellow-highlighted cells below.
B4: 3. The Prime Offeror shall ensure the yellow-highlighted rate cells below are linked correctly from the relevant labor rate and add-on factors in the 'Cost Format B_SUB Rates' worksheet.
B5: 4. The proposed factors will be applied to the total proposed labor hours and material cost.
B6: 5. Definitions of the labor categories and add-on factors are included in the 'Cost Format B_SUB Rate Desc' worksheet.
B7: 6. Each CPFF/CPIF Cost, COM and Fee shall be rounded to the nearest whole dollar.
B10: CLINs 0003 & 1003: CPFF | C10: Proposed Prices (Labor) | G10: Proposed Prices (Labor) | L10: CLINs 2003 & 3003: CPIF | M10: Proposed Prices (Labor) | Q10: Proposed Prices (Labor)
C11: 0003: A-10 O-Level Handheld/Pre-load Tester Prototype design and digital development - Basic Period | G11: 1003: A-10 O-Level Handheld/Pre-load Tester EMD - Option Period 1 | M11: 2003: F-16 I-Level Fault Isolation Tester EMD - Option Period 2 | Q11: 3003: F-15 I-Level Fault Isolation Tester EMD - Option Period 3
B12: Labor Category | C12: Hours | D12: Rates | E12: Cost | G12: Hours | H12: Rates | I12: Cost | L12: Labor Category | M12: Hours | N12: Rates | O12: Cost | Q12: Hours | R12: Rates | S12: Cost
B13: Labor Category 1: [INSERT LABOR CATEGORY NAME HERE] | D13: 0 | E13: =+C13*D13 -> 0 | H13: 0 | I13: =+G13*H13 -> 0 | L13: Labor Category 1: [INSERT LABOR CATEGORY NAME HERE] | N13: 0 | O13: =+M13*N13 -> 0 | R13: 0 | S13: =+Q13*R13 -> 0
B14: Labor Category 2: [INSERT LABOR CATEGORY NAME HERE] | D14: 0 | E14: =+C14*D14 -> 0 | H14: 0 | I14: =+G14*H14 -> 0 | L14: Labor Category 2: [INSERT LABOR CATEGORY NAME HERE] | N14: 0 | O14: =+M14*N14 -> 0 | R14: 0 | S14: =+Q14*R14 -> 0
B15: Labor Category 3: [INSERT LABOR CATEGORY NAME HERE] | D15: 0 | E15: =+C15*D15 -> 0 | H15: 0 | I15: =+G15*H15 -> 0 | L15: Labor Category 3: [INSERT LABOR CATEGORY NAME HERE] | N15: 0 | O15: =+M15*N15 -> 0 | R15: 0 | S15: =+Q15*R15 -> 0
B16: Labor Category 4: [INSERT LABOR CATEGORY NAME HERE] | D16: 0 | E16: =+C16*D16 -> 0 | H16: 0 | I16: =+G16*H16 -> 0 | L16: Labor Category 4: [INSERT LABOR CATEGORY NAME HERE] | N16: 0 | O16: =+M16*N16 -> 0 | R16: 0 | S16: =+Q16*R16 -> 0
B17: Labor Category 5: [INSERT LABOR CATEGORY NAME HERE] | D17: 0 | E17: =+C17*D17 -> 0 | H17: 0 | I17: =+G17*H17 -> 0 | L17: Labor Category 5: [INSERT LABOR CATEGORY NAME HERE] | N17: 0 | O17: =+M17*N17 -> 0 | R17: 0 | S17: =+Q17*R17 -> 0
B18: Labor Category 6: [INSERT LABOR CATEGORY NAME HERE] | D18: 0 | E18: =+C18*D18 -> 0 | H18: 0 | I18: =+G18*H18 -> 0 | L18: Labor Category 6: [INSERT LABOR CATEGORY NAME HERE] | N18: 0 | O18: =+M18*N18 -> 0 | R18: 0 | S18: =+Q18*R18 -> 0
B19: Labor Category 7: [INSERT LABOR CATEGORY NAME HERE] | D19: 0 | E19: =+C19*D19 -> 0 | H19: 0 | I19: =+G19*H19 -> 0 | L19: Labor Category 7: [INSERT LABOR CATEGORY NAME HERE] | N19: 0 | O19: =+M19*N19 -> 0 | R19: 0 | S19: =+Q19*R19 -> 0
B20: Labor Category 8: [INSERT LABOR CATEGORY NAME HERE] | D20: 0 | E20: =+C20*D20 -> 0 | H20: 0 | I20: =+G20*H20 -> 0 | L20: Labor Category 8: [INSERT LABOR CATEGORY NAME HERE] | N20: 0 | O20: =+M20*N20 -> 0 | R20: 0 | S20: =+Q20*R20 -> 0
B21: Labor Category 9: [INSERT LABOR CATEGORY NAME HERE] | D21: 0 | E21: =+C21*D21 -> 0 | H21: 0 | I21: =+G21*H21 -> 0 | L21: Labor Category 9: [INSERT LABOR CATEGORY NAME HERE] | N21: 0 | O21: =+M21*N21 -> 0 | R21: 0 | S21: =+Q21*R21 -> 0
B22: Labor Category 10: [INSERT LABOR CATEGORY NAME HERE] | D22: 0 | E22: =+C22*D22 -> 0 | H22: 0 | I22: =+G22*H22 -> 0 | L22: Labor Category 10: [INSERT LABOR CATEGORY NAME HERE] | N22: 0 | O22: =+M22*N22 -> 0 | R22: 0 | S22: =+Q22*R22 -> 0
B23: Labor Category 11: [INSERT LABOR CATEGORY NAME HERE] | D23: 0 | E23: =+C23*D23 -> 0 | H23: 0 | I23: =+G23*H23 -> 0 | L23: Labor Category 11: [INSERT LABOR CATEGORY NAME HERE] | N23: 0 | O23: =+M23*N23 -> 0 | R23: 0 | S23: =+Q23*R23 -> 0
B24: Labor Category 12: [INSERT LABOR CATEGORY NAME HERE] | D24: 0 | E24: =+C24*D24 -> 0 | H24: 0 | I24: =+G24*H24 -> 0 | L24: Labor Category 12: [INSERT LABOR CATEGORY NAME HERE] | N24: 0 | O24: =+M24*N24 -> 0 | R24: 0 | S24: =+Q24*R24 -> 0
B25: Labor Category 13: [INSERT LABOR CATEGORY NAME HERE] | D25: 0 | E25: =+C25*D25 -> 0 | H25: 0 | I25: =+G25*H25 -> 0 | L25: Labor Category 13: [INSERT LABOR CATEGORY NAME HERE] | N25: 0 | O25: =+M25*N25 -> 0 | R25: 0 | S25: =+Q25*R25 -> 0
B26: TOTAL HOURS/COST | C26: =SUM(C13:C25) -> 0 | E26: =SUM(E13:E25) -> 0 | G26: =SUM(G13:G25) -> 0 | I26: =SUM(I13:I25) -> 0 | L26: TOTAL HOURS/COST | M26: =SUM(M13:M25) -> 0 | O26: =SUM(O13:O25) -> 0 | Q26: =SUM(Q13:Q25) -> 0 | S26: =SUM(S13:S25) -> 0
C27: Base | D27: Rates | E27: Cost | G27: Base | H27: Rates | I27: Cost | M27: Base | N27: Rates | O27: Cost | Q27: Base | R27: Rates | S27: Cost
B28: Proposed Add-on Factor (Fringe) | C28: =+E26 -> 0 | D28: 0 | E28: =+C28*D28 -> 0 | G28: =+I26 -> 0 | H28: 0 | I28: =+G28*H28 -> 0 | L28: Proposed Add-on Factor (Fringe) | M28: =+O26 -> 0 | N28: 0 | O28: =+M28*N28 -> 0 | Q28: =+S26 -> 0 | R28: 0 | S28: =+Q28*R28 -> 0
B29: Proposed Add-on Factor (Overhead) | C29: =+C28+E28 -> 0 | D29: 0 | E29: =+C29*D29 -> 0 | G29: =+G28+I28 -> 0 | H29: 0 | I29: =+G29*H29 -> 0 | L29: Proposed Add-on Factor (Overhead) | M29: =+M28+O28 -> 0 | N29: 0 | O29: =+M29*N29 -> 0 | Q29: =+Q28+S28 -> 0 | R29: 0 | S29: =+Q29*R29 -> 0
B30: Proposed Add-on Factor (G&A) | C30: =+C29+E29 -> 0 | D30: 0 | E30: =+C30*D30 -> 0 | G30: =+G29+I29 -> 0 | H30: 0 | I30: =+G30*H30 -> 0 | L30: Proposed Add-on Factor (G&A) | M30: =+M29+O29 -> 0 | N30: 0 | O30: =+M30*N30 -> 0 | Q30: =+Q29+S29 -> 0 | R30: 0 | S30: =+Q30*R30 -> 0
B31: Proposed Add-on Factor (COM) | C31: =+C28 -> 0 | D31: 0 | E31: =+C31*D31 -> 0 | G31: =+G28 -> 0 | H31: 0 | I31: =+G31*H31 -> 0 | L31: Proposed Add-on Factor (COM) | M31: =+M28 -> 0 | N31: 0 | O31: =+M31*N31 -> 0 | Q31: =+Q28 -> 0 | R31: 0 | S31: =+Q31*R31 -> 0
B32: Proposed Add-on Factor (Fee) | C32: =+C30+E30 -> 0 | D32: 0 | E32: =+C32*D32 -> 0 | G32: =+G30+I30 -> 0 | H32: 0 | I32: =+G32*H32 -> 0 | L32: Proposed Add-on Factor (Fee) | M32: =+M30+O30 -> 0 | N32: 0 | O32: =+M32*N32 -> 0 | Q32: =+Q30+S30 -> 0 | R32: 0 | S32: =+Q32*R32 -> 0
B33: Total Proposed Cost | E33: =+SUM(E26,E28,E29,E30) -> 0 | I33: =+SUM(I26,I28,I29,I30) -> 0 | L33: Total Proposed Target Cost | O33: =+SUM(O26,O28,O29,O30) -> 0 | S33: =+SUM(S26,S28,S29,S30) -> 0
B34: Total Proposed COM | E34: =+E31 -> 0 | I34: =+I31 -> 0 | L34: Total Proposed Target COM | O34: =+O31 -> 0 | S34: =+S31 -> 0
B35: Total Proposed Fee | E35: =+E32 -> 0 | I35: =+I32 -> 0 | L35: Total Proposed Target Fee | O35: =+O32 -> 0 | S35: =+S32 -> 0
B36: Total Proposed Price | E36: =SUM(E33:E35) -> 0 | I36: =SUM(I33:I35) -> 0 | L36: Total Proposed Target Price | O36: =SUM(O33:O35) -> 0 | S36: =SUM(S33:S35) -> 0
B39: =B10 -> CLINs 0003 & 1003: CPFF | C39: Proposed Prices (Material) | G39: Proposed Prices (Material) | M39: Proposed Prices (Material) | Q39: Proposed Prices (Material)
C40: =C11 -> 0003: A-10 O-Level Handheld/Pre-load Tester Prototype design and digital development - Basic Period | G40: =G11 -> 1003: A-10 O-Level Handheld/Pre-load Tester EMD - Option Period 1 | M40: =M11 -> 2003: F-16 I-Level Fault Isolation Tester EMD - Option Period 2 | Q40: =Q11 -> 3003: F-15 I-Level Fault Isolation Tester EMD - Option Period 3
C41: Base | D41: Rates | E41: Cost | G41: Base | H41: Rates | I41: Cost | M41: Base | N41: Rates | O41: Cost | Q41: Base | R41: Rates | S41: Cost
B42: Total Proposed Material Cost | L42: Total Proposed Material Cost
B43: Proposed Add-on Factor (Overhead) | C43: =+E42 -> 0 | D43: 0 | E43: =+C43*D43 -> 0 | G43: =+I42 -> 0 | H43: 0 | I43: =+G43*H43 -> 0 | L43: Proposed Add-on Factor (Overhead) | M43: =+O42 -> 0 | N43: 0 | O43: =+M43*N43 -> 0 | Q43: =+S42 -> 0 | R43: 0 | S43: =+Q43*R43 -> 0
B44: Proposed Add-on Factor (G&A) | C44: =+C43+E43 -> 0 | D44: 0 | E44: =+C44*D44 -> 0 | G44: =+G43+I43 -> 0 | H44: 0 | I44: =+G44*H44 -> 0 | L44: Proposed Add-on Factor (G&A) | M44: =+M43+O43 -> 0 | N44: 0 | O44: =+M44*N44 -> 0 | Q44: =+Q43+S43 -> 0 | R44: 0 | S44: =+Q44*R44 -> 0
B45: Proposed Add-on Factor (COM) | C45: =+C43 -> 0 | D45: 0 | E45: =+C45*D45 -> 0 | G45: =+G43 -> 0 | H45: 0 | I45: =+G45*H45 -> 0 | L45: Proposed Add-on Factor (COM) | M45: =+M43 -> 0 | N45: 0 | O45: =+M45*N45 -> 0 | Q45: =+Q43 -> 0 | R45: 0 | S45: =+Q45*R45 -> 0
B46: Proposed Add-on Factor (Fee) | C46: =+C44+E44 -> 0 | D46: 0 | E46: =+C46*D46 -> 0 | G46: =+G44+I44 -> 0 | H46: 0 | I46: =+G46*H46 -> 0 | L46: Proposed Add-on Factor (Fee) | M46: =+M44+O44 -> 0 | N46: 0 | O46: =+M46*N46 -> 0 | Q46: =+Q44+S44 -> 0 | R46: 0 | S46: =+Q46*R46 -> 0
B47: Total Proposed Cost | E47: =+ROUND(SUM(E42:E44),0) -> 0 | I47: =+ROUND(SUM(I42:I44),0) -> 0 | L47: Total Proposed Target Cost | O47: =+ROUND(SUM(O42:O44),0) -> 0 | S47: =+ROUND(SUM(S42:S44),0) -> 0
B48: Total Proposed COM | E48: =+ROUND(E45,0) -> 0 | I48: =+ROUND(I45,0) -> 0 | L48: Total Proposed Target COM | O48: =+ROUND(O45,0) -> 0 | S48: =+ROUND(S45,0) -> 0
B49: Total Proposed Fee | E49: =+ROUND(E46,0) -> 0 | I49: =+ROUND(I46,0) -> 0 | L49: Total Proposed Target Fee | O49: =+ROUND(O46,0) -> 0 | S49: =+ROUND(S46,0) -> 0
B50: Total Proposed Price | E50: =SUM(E47:E49) -> 0 | I50: =SUM(I47:I49) -> 0 | L50: Total Proposed Target Price | O50: =SUM(O47:O49) -> 0 | S50: =SUM(S47:S49) -> 0
B52: =B39 -> CLINs 0003 & 1003: CPFF | C52: Proposed Prices (Other Direct Cost) | G52: Proposed Prices (Other Direct Cost) | M52: Proposed Prices (Other Direct Cost) | Q52: Proposed Prices (Other Direct Cost)
C53: =C40 -> 0003: A-10 O-Level Handheld/Pre-load Tester Prototype design and digital development - Basic Period | G53: =G40 -> 1003: A-10 O-Level Handheld/Pre-load Tester EMD - Option Period 1 | M53: =M40 -> 2003: F-16 I-Level Fault Isolation Tester EMD - Option Period 2 | Q53: =Q40 -> 3003: F-15 I-Level Fault Isolation Tester EMD - Option Period 3
C54: Base | D54: Rates | E54: Cost | G54: Base | H54: Rates | I54: Cost | M54: Base | N54: Rates | O54: Cost | Q54: Base | R54: Rates | S54: Cost
B55: Total Proposed Other Direct Cost (ODC) | L55: Total Proposed Other Direct Cost (ODC)
B56: Proposed Add-on Factor (Overhead) | C56: =+E55 -> 0 | D56: 0 | E56: =+C56*D56 -> 0 | G56: =+I55 -> 0 | H56: 0 | I56: =+G56*H56 -> 0 | L56: Proposed Add-on Factor (Overhead) | M56: =+O55 -> 0 | N56: 0 | O56: =+M56*N56 -> 0 | Q56: =+S55 -> 0 | R56: 0 | S56: =+Q56*R56 -> 0
B57: Proposed Add-on Factor (G&A) | C57: =+C56+E56 -> 0 | D57: 0 | E57: =+C57*D57 -> 0 | G57: =+G56+I56 -> 0 | H57: 0 | I57: =+G57*H57 -> 0 | L57: Proposed Add-on Factor (G&A) | M57: =+M56+O56 -> 0 | N57: 0 | O57: =+M57*N57 -> 0 | Q57: =+Q56+S56 -> 0 | R57: 0 | S57: =+Q57*R57 -> 0
B58: Proposed Add-on Factor (COM) | C58: =+C56 -> 0 | D58: 0 | E58: =+C58*D58 -> 0 | G58: =+G56 -> 0 | H58: 0 | I58: =+G58*H58 -> 0 | L58: Proposed Add-on Factor (COM) | M58: =+M56 -> 0 | N58: 0 | O58: =+M58*N58 -> 0 | Q58: =+Q56 -> 0 | R58: 0 | S58: =+Q58*R58 -> 0
B59: Proposed Add-on Factor (Fee) | C59: =+C57+E57 -> 0 | D59: 0 | E59: =+C59*D59 -> 0 | G59: =+G57+I57 -> 0 | H59: 0 | I59: =+G59*H59 -> 0 | L59: Proposed Add-on Factor (Fee) | M59: =+M57+O57 -> 0 | N59: 0 | O59: =+M59*N59 -> 0 | Q59: =+Q57+S57 -> 0 | R59: 0 | S59: =+Q59*R59 -> 0
B60: Total Proposed Cost | E60: =+ROUND(SUM(E55:E57),0) -> 0 | I60: =+ROUND(SUM(I55:I57),0) -> 0 | L60: Total Proposed Target Cost | O60: =+ROUND(SUM(O55:O57),0) -> 0 | S60: =+ROUND(SUM(S55:S57),0) -> 0
B61: Total Proposed COM | E61: =+ROUND(E58,0) -> 0 | I61: =+ROUND(I58,0) -> 0 | L61: Total Proposed Target COM | O61: =+ROUND(O58,0) -> 0 | S61: =+ROUND(S58,0) -> 0
B62: Total Proposed Fee | E62: =+ROUND(E59,0) -> 0 | I62: =+ROUND(I59,0) -> 0 | L62: Total Proposed Target Fee | O62: =+ROUND(O59,0) -> 0 | S62: =+ROUND(S59,0) -> 0
B63: Total Proposed Price | E63: =SUM(E60:E62) -> 0 | I63: =SUM(I60:I62) -> 0 | L63: Total Proposed Target Price | O63: =SUM(O60:O62) -> 0 | S63: =SUM(S60:S62) -> 0
B66: =B52 -> CLINs 0003 & 1003: CPFF | C66: Proposed Prices (Labor, Material, and ODC) | G66: Proposed Prices (Labor, Material, and ODC) | M66: Proposed Prices (Labor, Material, and ODC) | Q66: Proposed Prices (Labor, Material, and ODC)
E67: CLIN 0003: Basic Period (CPFF) | I67: CLIN 1003: Option Period 1 (CPFF) | O67: CLIN 2003: Option Period 2 (CPIF) | S67: CLIN 3003: Option Period 3 (CPIF)
B68: Total Proposed Cost | E68: =+ROUND(E33+E47+E60,0) -> 0 | I68: =+ROUND(I33+I47+I60,0) -> 0 | L68: Total Proposed Target Cost | O68: =+ROUND(O33+O47+O60,0) -> 0 | S68: =+ROUND(S33+S47+S60,0) -> 0
B69: Total Proposed COM | E69: =+ROUND(E34+E48+E61,0) -> 0 | I69: =+ROUND(I34+I48+I61,0) -> 0 | L69: Total Proposed Target COM | O69: =+ROUND(O34+O48+O61,0) -> 0 | S69: =+ROUND(S34+S48+S61,0) -> 0
B70: Total Proposed Fee | E70: =+ROUND(E35+E49+E62,0) -> 0 | I70: =+ROUND(I35+I49+I62,0) -> 0 | L70: Total Proposed Target Fee | O70: =+ROUND(O35+O49+O62,0) -> 0 | S70: =+ROUND(S35+S49+S62,0) -> 0
B71: Total Proposed Price | E71: =SUM(E68:E70) -> 0 | I71: =SUM(I68:I70) -> 0 | L71: Total Proposed Target Price | O71: =SUM(O68:O70) -> 0 | S71: =SUM(S68:S70) -> 0

Sheet Cost Format D_CLIN X004 SUB
B1: Notes:
B2: 1. The format of this worksheet may be revised as required to be consistent with the major subcontractor's approved accounting system.
B3: 2. The Prime Offer shall have the major subcontractor propose labor hours, material costs, and other direct costs in the yellow-highlighted cells below.
B4: 3. The Prime Offeror shall ensure the yellow-highlighted rate cells below are linked correctly from the relevant labor rate and add-on factors in the 'Cost Format B_SUB Rates' worksheet.
B5: 4. The proposed factors will be applied to the total proposed labor hours and material cost.
B6: 5. Definitions of the labor categories and add-on factors are included in the 'Cost Format B_SUB Rate Desc' worksheet.
B7: 6. Each CPFF/CPIF Cost, COM and Fee shall be rounded to the nearest whole dollar.
B10: CLINs 0004 & 1004: CPFF | C10: Proposed Prices (Labor) | G10: Proposed Prices (Labor) | L10: CLINs 2004 & 3004: CPIF | M10: Proposed Prices (Labor) | Q10: Proposed Prices (Labor)
C11: 0004: F-16 I-Level Fault Isolation Tester design and digital development - Basic Period | G11: 1004: F-16 I-Level Fault Isolation Tester EMD - Option Period 1 | M11: 2004: F-15 I-Level Fault Isolation Tester EMD - Option Period 2 | Q11: 3004: A-10 I-Level Fault Isolation Tester EMD - Option Period 3
B12: Labor Category | C12: Hours | D12: Rates | E12: Cost | G12: Hours | H12: Rates | I12: Cost | L12: Labor Category | M12: Hours | N12: Rates | O12: Cost | Q12: Hours | R12: Rates | S12: Cost
B13: Labor Category 1: [INSERT LABOR CATEGORY NAME HERE] | D13: 0 | E13: =+C13*D13 -> 0 | H13: 0 | I13: =+G13*H13 -> 0 | L13: Labor Category 1: [INSERT LABOR CATEGORY NAME HERE] | N13: 0 | O13: =+M13*N13 -> 0 | R13: 0 | S13: =+Q13*R13 -> 0
B14: Labor Category 2: [INSERT LABOR CATEGORY NAME HERE] | D14: 0 | E14: =+C14*D14 -> 0 | H14: 0 | I14: =+G14*H14 -> 0 | L14: Labor Category 2: [INSERT LABOR CATEGORY NAME HERE] | N14: 0 | O14: =+M14*N14 -> 0 | R14: 0 | S14: =+Q14*R14 -> 0
B15: Labor Category 3: [INSERT LABOR CATEGORY NAME HERE] | D15: 0 | E15: =+C15*D15 -> 0 | H15: 0 | I15: =+G15*H15 -> 0 | L15: Labor Category 3: [INSERT LABOR CATEGORY NAME HERE] | N15: 0 | O15: =+M15*N15 -> 0 | R15: 0 | S15: =+Q15*R15 -> 0
B16: Labor Category 4: [INSERT LABOR CATEGORY NAME HERE] | D16: 0 | E16: =+C16*D16 -> 0 | H16: 0 | I16: =+G16*H16 -> 0 | L16: Labor Category 4: [INSERT LABOR CATEGORY NAME HERE] | N16: 0 | O16: =+M16*N16 -> 0 | R16: 0 | S16: =+Q16*R16 -> 0
B17: Labor Category 5: [INSERT LABOR CATEGORY NAME HERE] | D17: 0 | E17: =+C17*D17 -> 0 | H17: 0 | I17: =+G17*H17 -> 0 | L17: Labor Category 5: [INSERT LABOR CATEGORY NAME HERE] | N17: 0 | O17: =+M17*N17 -> 0 | R17: 0 | S17: =+Q17*R17 -> 0
B18: Labor Category 6: [INSERT LABOR CATEGORY NAME HERE] | D18: 0 | E18: =+C18*D18 -> 0 | H18: 0 | I18: =+G18*H18 -> 0 | L18: Labor Category 6: [INSERT LABOR CATEGORY NAME HERE] | N18: 0 | O18: =+M18*N18 -> 0 | R18: 0 | S18: =+Q18*R18 -> 0
B19: Labor Category 7: [INSERT LABOR CATEGORY NAME HERE] | D19: 0 | E19: =+C19*D19 -> 0 | H19: 0 | I19: =+G19*H19 -> 0 | L19: Labor Category 7: [INSERT LABOR CATEGORY NAME HERE] | N19: 0 | O19: =+M19*N19 -> 0 | R19: 0 | S19: =+Q19*R19 -> 0
B20: Labor Category 8: [INSERT LABOR CATEGORY NAME HERE] | D20: 0 | E20: =+C20*D20 -> 0 | H20: 0 | I20: =+G20*H20 -> 0 | L20: Labor Category 8: [INSERT LABOR CATEGORY NAME HERE] | N20: 0 | O20: =+M20*N20 -> 0 | R20: 0 | S20: =+Q20*R20 -> 0
B21: Labor Category 9: [INSERT LABOR CATEGORY NAME HERE] | D21: 0 | E21: =+C21*D21 -> 0 | H21: 0 | I21: =+G21*H21 -> 0 | L21: Labor Category 9: [INSERT LABOR CATEGORY NAME HERE] | N21: 0 | O21: =+M21*N21 -> 0 | R21: 0 | S21: =+Q21*R21 -> 0
B22: Labor Category 10: [INSERT LABOR CATEGORY NAME HERE] | D22: 0 | E22: =+C22*D22 -> 0 | H22: 0 | I22: =+G22*H22 -> 0 | L22: Labor Category 10: [INSERT LABOR CATEGORY NAME HERE] | N22: 0 | O22: =+M22*N22 -> 0 | R22: 0 | S22: =+Q22*R22 -> 0
B23: Labor Category 11: [INSERT LABOR CATEGORY NAME HERE] | D23: 0 | E23: =+C23*D23 -> 0 | H23: 0 | I23: =+G23*H23 -> 0 | L23: Labor Category 11: [INSERT LABOR CATEGORY NAME HERE] | N23: 0 | O23: =+M23*N23 -> 0 | R23: 0 | S23: =+Q23*R23 -> 0
B24: Labor Category 12: [INSERT LABOR CATEGORY NAME HERE] | D24: 0 | E24: =+C24*D24 -> 0 | H24: 0 | I24: =+G24*H24 -> 0 | L24: Labor Category 12: [INSERT LABOR CATEGORY NAME HERE] | N24: 0 | O24: =+M24*N24 -> 0 | R24: 0 | S24: =+Q24*R24 -> 0
B25: Labor Category 13: [INSERT LABOR CATEGORY NAME HERE] | D25: 0 | E25: =+C25*D25 -> 0 | H25: 0 | I25: =+G25*H25 -> 0 | L25: Labor Category 13: [INSERT LABOR CATEGORY NAME HERE] | N25: 0 | O25: =+M25*N25 -> 0 | R25: 0 | S25: =+Q25*R25 -> 0
B26: TOTAL HOURS/COST | C26: =SUM(C13:C25) -> 0 | E26: =SUM(E13:E25) -> 0 | G26: =SUM(G13:G25) -> 0 | I26: =SUM(I13:I25) -> 0 | L26: TOTAL HOURS/COST | M26: =SUM(M13:M25) -> 0 | O26: =SUM(O13:O25) -> 0 | Q26: =SUM(Q13:Q25) -> 0 | S26: =SUM(S13:S25) -> 0
C27: Base | D27: Rates | E27: Cost | G27: Base | H27: Rates | I27: Cost | M27: Base | N27: Rates | O27: Cost | Q27: Base | R27: Rates | S27: Cost
B28: Proposed Add-on Factor (Fringe) | C28: =+E26 -> 0 | D28: 0 | E28: =+C28*D28 -> 0 | G28: =+I26 -> 0 | H28: 0 | I28: =+G28*H28 -> 0 | L28: Proposed Add-on Factor (Fringe) | M28: =+O26 -> 0 | N28: 0 | O28: =+M28*N28 -> 0 | Q28: =+S26 -> 0 | R28: 0 | S28: =+Q28*R28 -> 0
B29: Proposed Add-on Factor (Overhead) | C29: =+C28+E28 -> 0 | D29: 0 | E29: =+C29*D29 -> 0 | G29: =+G28+I28 -> 0 | H29: 0 | I29: =+G29*H29 -> 0 | L29: Proposed Add-on Factor (Overhead) | M29: =+M28+O28 -> 0 | N29: 0 | O29: =+M29*N29 -> 0 | Q29: =+Q28+S28 -> 0 | R29: 0 | S29: =+Q29*R29 -> 0
B30: Proposed Add-on Factor (G&A) | C30: =+C29+E29 -> 0 | D30: 0 | E30: =+C30*D30 -> 0 | G30: =+G29+I29 -> 0 | H30: 0 | I30: =+G30*H30 -> 0 | L30: Proposed Add-on Factor (G&A) | M30: =+M29+O29 -> 0 | N30: 0 | O30: =+M30*N30 -> 0 | Q30: =+Q29+S29 -> 0 | R30: 0 | S30: =+Q30*R30 -> 0
B31: Proposed Add-on Factor (COM) | C31: =+C28 -> 0 | D31: 0 | E31: =+C31*D31 -> 0 | G31: =+G28 -> 0 | H31: 0 | I31: =+G31*H31 -> 0 | L31: Proposed Add-on Factor (COM) | M31: =+M28 -> 0 | N31: 0 | O31: =+M31*N31 -> 0 | Q31: =+Q28 -> 0 | R31: 0 | S31: =+Q31*R31 -> 0
B32: Proposed Add-on Factor (Fee) | C32: =+C30+E30 -> 0 | D32: 0 | E32: =+C32*D32 -> 0 | G32: =+G30+I30 -> 0 | H32: 0 | I32: =+G32*H32 -> 0 | L32: Proposed Add-on Factor (Fee) | M32: =+M30+O30 -> 0 | N32: 0 | O32: =+M32*N32 -> 0 | Q32: =+Q30+S30 -> 0 | R32: 0 | S32: =+Q32*R32 -> 0
B33: Total Proposed Cost | E33: =+SUM(E26,E28,E29,E30) -> 0 | I33: =+SUM(I26,I28,I29,I30) -> 0 | L33: Total Proposed Target Cost | O33: =+SUM(O26,O28,O29,O30) -> 0 | S33: =+SUM(S26,S28,S29,S30) -> 0
B34: Total Proposed COM | E34: =+E31 -> 0 | I34: =+I31 -> 0 | L34: Total Proposed Target COM | O34: =+O31 -> 0 | S34: =+S31 -> 0
B35: Total Proposed Fee | E35: =+E32 -> 0 | I35: =+I32 -> 0 | L35: Total Proposed Target Fee | O35: =+O32 -> 0 | S35: =+S32 -> 0
B36: Total Proposed Price | E36: =SUM(E33:E35) -> 0 | I36: =SUM(I33:I35) -> 0 | L36: Total Proposed Target Price | O36: =SUM(O33:O35) -> 0 | S36: =SUM(S33:S35) -> 0
B39: =B10 -> CLINs 0004 & 1004: CPFF | C39: Proposed Prices (Material) | G39: Proposed Prices (Material) | M39: Proposed Prices (Material) | Q39: Proposed Prices (Material)
C40: =C11 -> 0004: F-16 I-Level Fault Isolation Tester design and digital development - Basic Period | G40: =G11 -> 1004: F-16 I-Level Fault Isolation Tester EMD - Option Period 1 | M40: =M11 -> 2004: F-15 I-Level Fault Isolation Tester EMD - Option Period 2 | Q40: =Q11 -> 3004: A-10 I-Level Fault Isolation Tester EMD - Option Period 3
C41: Base | D41: Rates | E41: Cost | G41: Base | H41: Rates | I41: Cost | M41: Base | N41: Rates | O41: Cost | Q41: Base | R41: Rates | S41: Cost
B42: Total Proposed Material Cost | L42: Total Proposed Material Cost
B43: Proposed Add-on Factor (Overhead) | C43: =+E42 -> 0 | D43: 0 | E43: =+C43*D43 -> 0 | G43: =+I42 -> 0 | H43: 0 | I43: =+G43*H43 -> 0 | L43: Proposed Add-on Factor (Overhead) | M43: =+O42 -> 0 | N43: 0 | O43: =+M43*N43 -> 0 | Q43: =+S42 -> 0 | R43: 0 | S43: =+Q43*R43 -> 0
B44: Proposed Add-on Factor (G&A) | C44: =+C43+E43 -> 0 | D44: 0 | E44: =+C44*D44 -> 0 | G44: =+G43+I43 -> 0 | H44: 0 | I44: =+G44*H44 -> 0 | L44: Proposed Add-on Factor (G&A) | M44: =+M43+O43 -> 0 | N44: 0 | O44: =+M44*N44 -> 0 | Q44: =+Q43+S43 -> 0 | R44: 0 | S44: =+Q44*R44 -> 0
B45: Proposed Add-on Factor (COM) | C45: =+C43 -> 0 | D45: 0 | E45: =+C45*D45 -> 0 | G45: =+G43 -> 0 | H45: 0 | I45: =+G45*H45 -> 0 | L45: Proposed Add-on Factor (COM) | M45: =+M43 -> 0 | N45: 0 | O45: =+M45*N45 -> 0 | Q45: =+Q43 -> 0 | R45: 0 | S45: =+Q45*R45 -> 0
B46: Proposed Add-on Factor (Fee) | C46: =+C44+E44 -> 0 | D46: 0 | E46: =+C46*D46 -> 0 | G46: =+G44+I44 -> 0 | H46: 0 | I46: =+G46*H46 -> 0 | L46: Proposed Add-on Factor (Fee) | M46: =+M44+O44 -> 0 | N46: 0 | O46: =+M46*N46 -> 0 | Q46: =+Q44+S44 -> 0 | R46: 0 | S46: =+Q46*R46 -> 0
B47: Total Proposed Cost | E47: =+ROUND(SUM(E42:E44),0) -> 0 | I47: =+ROUND(SUM(I42:I44),0) -> 0 | L47: Total Proposed Target Cost | O47: =+ROUND(SUM(O42:O44),0) -> 0 | S47: =+ROUND(SUM(S42:S44),0) -> 0
B48: Total Proposed COM | E48: =+ROUND(E45,0) -> 0 | I48: =+ROUND(I45,0) -> 0 | L48: Total Proposed Target COM | O48: =+ROUND(O45,0) -> 0 | S48: =+ROUND(S45,0) -> 0
B49: Total Proposed Fee | E49: =+ROUND(E46,0) -> 0 | I49: =+ROUND(I46,0) -> 0 | L49: Total Proposed Target Fee | O49: =+ROUND(O46,0) -> 0 | S49: =+ROUND(S46,0) -> 0
B50: Total Proposed Price | E50: =SUM(E47:E49) -> 0 | I50: =SUM(I47:I49) -> 0 | L50: Total Proposed Target Price | O50: =SUM(O47:O49) -> 0 | S50: =SUM(S47:S49) -> 0
B52: =B39 -> CLINs 0004 & 1004: CPFF | C52: Proposed Prices (Other Direct Cost) | G52: Proposed Prices (Other Direct Cost) | M52: Proposed Prices (Other Direct Cost) | Q52: Proposed Prices (Other Direct Cost)
C53: =C40 -> 0004: F-16 I-Level Fault Isolation Tester design and digital development - Basic Period | G53: =G40 -> 1004: F-16 I-Level Fault Isolation Tester EMD - Option Period 1 | M53: =M40 -> 2004: F-15 I-Level Fault Isolation Tester EMD - Option Period 2 | Q53: =Q40 -> 3004: A-10 I-Level Fault Isolation Tester EMD - Option Period 3
C54: Base | D54: Rates | E54: Cost | G54: Base | H54: Rates | I54: Cost | M54: Base | N54: Rates | O54: Cost | Q54: Base | R54: Rates | S54: Cost
B55: Total Proposed Other Direct Cost (ODC) | L55: Total Proposed Other Direct Cost (ODC)
B56: Proposed Add-on Factor (Overhead) | C56: =+E55 -> 0 | D56: 0 | E56: =+C56*D56 -> 0 | G56: =+I55 -> 0 | H56: 0 | I56: =+G56*H56 -> 0 | L56: Proposed Add-on Factor (Overhead) | M56: =+O55 -> 0 | N56: 0 | O56: =+M56*N56 -> 0 | Q56: =+S55 -> 0 | R56: 0 | S56: =+Q56*R56 -> 0
B57: Proposed Add-on Factor (G&A) | C57: =+C56+E56 -> 0 | D57: 0 | E57: =+C57*D57 -> 0 | G57: =+G56+I56 -> 0 | H57: 0 | I57: =+G57*H57 -> 0 | L57: Proposed Add-on Factor (G&A) | M57: =+M56+O56 -> 0 | N57: 0 | O57: =+M57*N57 -> 0 | Q57: =+Q56+S56 -> 0 | R57: 0 | S57: =+Q57*R57 -> 0
B58: Proposed Add-on Factor (COM) | C58: =+C56 -> 0 | D58: 0 | E58: =+C58*D58 -> 0 | G58: =+G56 -> 0 | H58: 0 | I58: =+G58*H58 -> 0 | L58: Proposed Add-on Factor (COM) | M58: =+M56 -> 0 | N58: 0 | O58: =+M58*N58 -> 0 | Q58: =+Q56 -> 0 | R58: 0 | S58: =+Q58*R58 -> 0
B59: Proposed Add-on Factor (Fee) | C59: =+C57+E57 -> 0 | D59: 0 | E59: =+C59*D59 -> 0 | G59: =+G57+I57 -> 0 | H59: 0 | I59: =+G59*H59 -> 0 | L59: Proposed Add-on Factor (Fee) | M59: =+M57+O57 -> 0 | N59: 0 | O59: =+M59*N59 -> 0 | Q59: =+Q57+S57 -> 0 | R59: 0 | S59: =+Q59*R59 -> 0
B60: Total Proposed Cost | E60: =+ROUND(SUM(E55:E57),0) -> 0 | I60: =+ROUND(SUM(I55:I57),0) -> 0 | L60: Total Proposed Target Cost | O60: =+ROUND(SUM(O55:O57),0) -> 0 | S60: =+ROUND(SUM(S55:S57),0) -> 0
B61: Total Proposed COM | E61: =+ROUND(E58,0) -> 0 | I61: =+ROUND(I58,0) -> 0 | L61: Total Proposed Target COM | O61: =+ROUND(O58,0) -> 0 | S61: =+ROUND(S58,0) -> 0
B62: Total Proposed Fee | E62: =+ROUND(E59,0) -> 0 | I62: =+ROUND(I59,0) -> 0 | L62: Total Proposed Target Fee | O62: =+ROUND(O59,0) -> 0 | S62: =+ROUND(S59,0) -> 0
B63: Total Proposed Price | E63: =SUM(E60:E62) -> 0 | I63: =SUM(I60:I62) -> 0 | L63: Total Proposed Target Price | O63: =SUM(O60:O62) -> 0 | S63: =SUM(S60:S62) -> 0
B66: =B52 -> CLINs 0004 & 1004: CPFF | C66: Proposed Prices (Labor, Material, and ODC) | G66: Proposed Prices (Labor, Material, and ODC) | M66: Proposed Prices (Labor, Material, and ODC) | Q66: Proposed Prices (Labor, Material, and ODC)
E67: CLIN 0004: Basic Period (CPFF) | I67: CLIN 1004: Option Period 1 (CPFF) | O67: CLIN 2004: Option Period 2 (CPIF) | S67: CLIN 3004: Option Period 3 (CPIF)
B68: Total Proposed Cost | E68: =+ROUND(E33+E47+E60,0) -> 0 | I68: =+ROUND(I33+I47+I60,0) -> 0 | L68: Total Proposed Target Cost | O68: =+ROUND(O33+O47+O60,0) -> 0 | S68: =+ROUND(S33+S47+S60,0) -> 0
B69: Total Proposed COM | E69: =+ROUND(E34+E48+E61,0) -> 0 | I69: =+ROUND(I34+I48+I61,0) -> 0 | L69: Total Proposed Target COM | O69: =+ROUND(O34+O48+O61,0) -> 0 | S69: =+ROUND(S34+S48+S61,0) -> 0
B70: Total Proposed Fee | E70: =+ROUND(E35+E49+E62,0) -> 0 | I70: =+ROUND(I35+I49+I62,0) -> 0 | L70: Total Proposed Target Fee | O70: =+ROUND(O35+O49+O62,0) -> 0 | S70: =+ROUND(S35+S49+S62,0) -> 0
B71: Total Proposed Price | E71: =SUM(E68:E70) -> 0 | I71: =SUM(I68:I70) -> 0 | L71: Total Proposed Target Price | O71: =SUM(O68:O70) -> 0 | S71: =SUM(S68:S70) -> 0

Sheet Cost Format D_CLIN X005 SUB
B1: Notes:
B2: 1. The format of this worksheet may be revised as required to be consistent with the major subcontractor's approved accounting system.
B3: 2. The Prime Offer shall have the major subcontractor propose labor hours, material costs, and other direct costs in the yellow-highlighted cells below.
B4: 3. The Prime Offeror shall ensure the yellow-highlighted rate cells below are linked correctly from the relevant labor rate and add-on factors in the 'Cost Format B_SUB Rates' worksheet.
B5: 4. The proposed factors will be applied to the total proposed labor hours and material cost.
B6: 5. Definitions of the labor categories and add-on factors are included in the 'Cost Format B_SUB Rate Desc' worksheet.
B7: 6. Each CPFF/CPIF Cost, COM and Fee shall be rounded to the nearest whole dollar.
B10: CLINs 0005 & 1005: CPFF | C10: Proposed Prices (Labor) | G10: Proposed Prices (Labor) | L10: CLIN 2005: CPIF | M10: Proposed Prices (Labor)
C11: 0005: F-15 I-Level Fault Isolation Tester design and digital development - Basic Period | G11: 1005: F-15 I-Level Fault Isolation Tester EMD - Option Period 1 | M11: 2005: A-10 I-Level Fault Isolation Tester EMD - Option Period 2
B12: Labor Category | C12: Hours | D12: Rates | E12: Cost | G12: Hours | H12: Rates | I12: Cost | L12: Labor Category | M12: Hours | N12: Rates | O12: Cost
B13: Labor Category 1: [INSERT LABOR CATEGORY NAME HERE] | D13: 0 | E13: =+C13*D13 -> 0 | H13: 0 | I13: =+G13*H13 -> 0 | L13: Labor Category 1: [INSERT LABOR CATEGORY NAME HERE] | N13: 0 | O13: =+M13*N13 -> 0
B14: Labor Category 2: [INSERT LABOR CATEGORY NAME HERE] | D14: 0 | E14: =+C14*D14 -> 0 | H14: 0 | I14: =+G14*H14 -> 0 | L14: Labor Category 2: [INSERT LABOR CATEGORY NAME HERE] | N14: 0 | O14: =+M14*N14 -> 0
B15: Labor Category 3: [INSERT LABOR CATEGORY NAME HERE] | D15: 0 | E15: =+C15*D15 -> 0 | H15: 0 | I15: =+G15*H15 -> 0 | L15: Labor Category 3: [INSERT LABOR CATEGORY NAME HERE] | N15: 0 | O15: =+M15*N15 -> 0
B16: Labor Category 4: [INSERT LABOR CATEGORY NAME HERE] | D16: 0 | E16: =+C16*D16 -> 0 | H16: 0 | I16: =+G16*H16 -> 0 | L16: Labor Category 4: [INSERT LABOR CATEGORY NAME HERE] | N16: 0 | O16: =+M16*N16 -> 0
B17: Labor Category 5: [INSERT LABOR CATEGORY NAME HERE] | D17: 0 | E17: =+C17*D17 -> 0 | H17: 0 | I17: =+G17*H17 -> 0 | L17: Labor Category 5: [INSERT LABOR CATEGORY NAME HERE] | N17: 0 | O17: =+M17*N17 -> 0
B18: Labor Category 6: [INSERT LABOR CATEGORY NAME HERE] | D18: 0 | E18: =+C18*D18 -> 0 | H18: 0 | I18: =+G18*H18 -> 0 | L18: Labor Category 6: [INSERT LABOR CATEGORY NAME HERE] | N18: 0 | O18: =+M18*N18 -> 0
B19: Labor Category 7: [INSERT LABOR CATEGORY NAME HERE] | D19: 0 | E19: =+C19*D19 -> 0 | H19: 0 | I19: =+G19*H19 -> 0 | L19: Labor Category 7: [INSERT LABOR CATEGORY NAME HERE] | N19: 0 | O19: =+M19*N19 -> 0
B20: Labor Category 8: [INSERT LABOR CATEGORY NAME HERE] | D20: 0 | E20: =+C20*D20 -> 0 | H20: 0 | I20: =+G20*H20 -> 0 | L20: Labor Category 8: [INSERT LABOR CATEGORY NAME HERE] | N20: 0 | O20: =+M20*N20 -> 0
B21: Labor Category 9: [INSERT LABOR CATEGORY NAME HERE] | D21: 0 | E21: =+C21*D21 -> 0 | H21: 0 | I21: =+G21*H21 -> 0 | L21: Labor Category 9: [INSERT LABOR CATEGORY NAME HERE] | N21: 0 | O21: =+M21*N21 -> 0
B22: Labor Category 10: [INSERT LABOR CATEGORY NAME HERE] | D22: 0 | E22: =+C22*D22 -> 0 | H22: 0 | I22: =+G22*H22 -> 0 | L22: Labor Category 10: [INSERT LABOR CATEGORY NAME HERE] | N22: 0 | O22: =+M22*N22 -> 0
B23: Labor Category 11: [INSERT LABOR CATEGORY NAME HERE] | D23: 0 | E23: =+C23*D23 -> 0 | H23: 0 | I23: =+G23*H23 -> 0 | L23: Labor Category 11: [INSERT LABOR CATEGORY NAME HERE] | N23: 0 | O23: =+M23*N23 -> 0
B24: Labor Category 12: [INSERT LABOR CATEGORY NAME HERE] | D24: 0 | E24: =+C24*D24 -> 0 | H24: 0 | I24: =+G24*H24 -> 0 | L24: Labor Category 12: [INSERT LABOR CATEGORY NAME HERE] | N24: 0 | O24: =+M24*N24 -> 0
B25: Labor Category 13: [INSERT LABOR CATEGORY NAME HERE] | D25: 0 | E25: =+C25*D25 -> 0 | H25: 0 | I25: =+G25*H25 -> 0 | L25: Labor Category 13: [INSERT LABOR CATEGORY NAME HERE] | N25: 0 | O25: =+M25*N25 -> 0
B26: TOTAL HOURS/COST | C26: =SUM(C13:C25) -> 0 | E26: =SUM(E13:E25) -> 0 | G26: =SUM(G13:G25) -> 0 | I26: =SUM(I13:I25) -> 0 | L26: TOTAL HOURS/COST | M26: =SUM(M13:M25) -> 0 | O26: =SUM(O13:O25) -> 0
C27: Base | D27: Rates | E27: Cost | G27: Base | H27: Rates | I27: Cost | M27: Base | N27: Rates | O27: Cost
B28: Proposed Add-on Factor (Fringe) | C28: =+E26 -> 0 | D28: 0 | E28: =+C28*D28 -> 0 | G28: =+I26 -> 0 | H28: 0 | I28: =+G28*H28 -> 0 | L28: Proposed Add-on Factor (Fringe) | M28: =+O26 -> 0 | N28: 0 | O28: =+M28*N28 -> 0
B29: Proposed Add-on Factor (Overhead) | C29: =+C28+E28 -> 0 | D29: 0 | E29: =+C29*D29 -> 0 | G29: =+G28+I28 -> 0 | H29: 0 | I29: =+G29*H29 -> 0 | L29: Proposed Add-on Factor (Overhead) | M29: =+M28+O28 -> 0 | N29: 0 | O29: =+M29*N29 -> 0
B30: Proposed Add-on Factor (G&A) | C30: =+C29+E29 -> 0 | D30: 0 | E30: =+C30*D30 -> 0 | G30: =+G29+I29 -> 0 | H30: 0 | I30: =+G30*H30 -> 0 | L30: Proposed Add-on Factor (G&A) | M30: =+M29+O29 -> 0 | N30: 0 | O30: =+M30*N30 -> 0
B31: Proposed Add-on Factor (COM) | C31: =+C28 -> 0 | D31: 0 | E31: =+C31*D31 -> 0 | G31: =+G28 -> 0 | H31: 0 | I31: =+G31*H31 -> 0 | L31: Proposed Add-on Factor (COM) | M31: =+M28 -> 0 | N31: 0 | O31: =+M31*N31 -> 0
B32: Proposed Add-on Factor (Fee) | C32: =+C30+E30 -> 0 | D32: 0 | E32: =+C32*D32 -> 0 | G32: =+G30+I30 -> 0 | H32: 0 | I32: =+G32*H32 -> 0 | L32: Proposed Add-on Factor (Fee) | M32: =+M30+O30 -> 0 | N32: 0 | O32: =+M32*N32 -> 0
B33: Total Proposed Cost | E33: =+SUM(E26,E28,E29,E30) -> 0 | I33: =+SUM(I26,I28,I29,I30) -> 0 | L33: Total Proposed Target Cost | O33: =+SUM(O26,O28,O29,O30) -> 0
B34: Total Proposed COM | E34: =+E31 -> 0 | I34: =+I31 -> 0 | L34: Total Proposed Target COM | O34: =+O31 -> 0
B35: Total Proposed Fee | E35: =+E32 -> 0 | I35: =+I32 -> 0 | L35: Total Proposed Target Fee | O35: =+O32 -> 0
B36: Total Proposed Price | E36: =SUM(E33:E35) -> 0 | I36: =SUM(I33:I35) -> 0 | L36: Total Proposed Target Price | O36: =SUM(O33:O35) -> 0
B39: =B10 -> CLINs 0005 & 1005: CPFF | C39: Proposed Prices (Material) | G39: Proposed Prices (Material) | M39: Proposed Prices (Material)
C40: =C11 -> 0005: F-15 I-Level Fault Isolation Tester design and digital development - Basic Period | G40: =G11 -> 1005: F-15 I-Level Fault Isolation Tester EMD - Option Period 1 | M40: =M11 -> 2005: A-10 I-Level Fault Isolation Tester EMD - Option Period 2
C41: Base | D41: Rates | E41: Cost | G41: Base | H41: Rates | I41: Cost | M41: Base | N41: Rates | O41: Cost
B42: Total Proposed Material Cost | L42: Total Proposed Material Cost
B43: Proposed Add-on Factor (Overhead) | C43: =+E42 -> 0 | D43: 0 | E43: =+C43*D43 -> 0 | G43: =+I42 -> 0 | H43: 0 | I43: =+G43*H43 -> 0 | L43: Proposed Add-on Factor (Overhead) | M43: =+O42 -> 0 | N43: 0 | O43: =+M43*N43 -> 0
B44: Proposed Add-on Factor (G&A) | C44: =+C43+E43 -> 0 | D44: 0 | E44: =+C44*D44 -> 0 | G44: =+G43+I43 -> 0 | H44: 0 | I44: =+G44*H44 -> 0 | L44: Proposed Add-on Factor (G&A) | M44: =+M43+O43 -> 0 | N44: 0 | O44: =+M44*N44 -> 0
B45: Proposed Add-on Factor (COM) | C45: =+C43 -> 0 | D45: 0 | E45: =+C45*D45 -> 0 | G45: =+G43 -> 0 | H45: 0 | I45: =+G45*H45 -> 0 | L45: Proposed Add-on Factor (COM) | M45: =+M43 -> 0 | N45: 0 | O45: =+M45*N45 -> 0
B46: Proposed Add-on Factor (Fee) | C46: =+C44+E44 -> 0 | D46: 0 | E46: =+C46*D46 -> 0 | G46: =+G44+I44 -> 0 | H46: 0 | I46: =+G46*H46 -> 0 | L46: Proposed Add-on Factor (Fee) | M46: =+M44+O44 -> 0 | N46: 0 | O46: =+M46*N46 -> 0
B47: Total Proposed Cost | E47: =+ROUND(SUM(E42:E44),0) -> 0 | I47: =+ROUND(SUM(I42:I44),0) -> 0 | L47: Total Proposed Target Cost | O47: =+ROUND(SUM(O42:O44),0) -> 0
B48: Total Proposed COM | E48: =+ROUND(E45,0) -> 0 | I48: =+ROUND(I45,0) -> 0 | L48: Total Proposed Target COM | O48: =+ROUND(O45,0) -> 0
B49: Total Proposed Fee | E49: =+ROUND(E46,0) -> 0 | I49: =+ROUND(I46,0) -> 0 | L49: Total Proposed Target Fee | O49: =+ROUND(O46,0) -> 0
B50: Total Proposed Price | E50: =SUM(E47:E49) -> 0 | I50: =SUM(I47:I49) -> 0 | L50: Total Proposed Target Price | O50: =SUM(O47:O49) -> 0
B52: =B39 -> CLINs 0005 & 1005: CPFF | C52: Proposed Prices (Other Direct Cost) | G52: Proposed Prices (Other Direct Cost) | M52: Proposed Prices (Other Direct Cost)
C53: =C40 -> 0005: F-15 I-Level Fault Isolation Tester design and digital development - Basic Period | G53: =G40 -> 1005: F-15 I-Level Fault Isolation Tester EMD - Option Period 1 | M53: =M40 -> 2005: A-10 I-Level Fault Isolation Tester EMD - Option Period 2
C54: Base | D54: Rates | E54: Cost | G54: Base | H54: Rates | I54: Cost | M54: Base | N54: Rates | O54: Cost
B55: Total Proposed Other Direct Cost (ODC) | L55: Total Proposed Other Direct Cost (ODC)
B56: Proposed Add-on Factor (Overhead) | C56: =+E55 -> 0 | D56: 0 | E56: =+C56*D56 -> 0 | G56: =+I55 -> 0 | H56: 0 | I56: =+G56*H56 -> 0 | L56: Proposed Add-on Factor (Overhead) | M56: =+O55 -> 0 | N56: 0 | O56: =+M56*N56 -> 0
B57: Proposed Add-on Factor (G&A) | C57: =+C56+E56 -> 0 | D57: 0 | E57: =+C57*D57 -> 0 | G57: =+G56+I56 -> 0 | H57: 0 | I57: =+G57*H57 -> 0 | L57: Proposed Add-on Factor (G&A) | M57: =+M56+O56 -> 0 | N57: 0 | O57: =+M57*N57 -> 0
B58: Proposed Add-on Factor (COM) | C58: =+C56 -> 0 | D58: 0 | E58: =+C58*D58 -> 0 | G58: =+G56 -> 0 | H58: 0 | I58: =+G58*H58 -> 0 | L58: Proposed Add-on Factor (COM) | M58: =+M56 -> 0 | N58: 0 | O58: =+M58*N58 -> 0
B59: Proposed Add-on Factor (Fee) | C59: =+C57+E57 -> 0 | D59: 0 | E59: =+C59*D59 -> 0 | G59: =+G57+I57 -> 0 | H59: 0 | I59: =+G59*H59 -> 0 | L59: Proposed Add-on Factor (Fee) | M59: =+M57+O57 -> 0 | N59: 0 | O59: =+M59*N59 -> 0
B60: Total Proposed Cost | E60: =+ROUND(SUM(E55:E57),0) -> 0 | I60: =+ROUND(SUM(I55:I57),0) -> 0 | L60: Total Proposed Target Cost | O60: =+ROUND(SUM(O55:O57),0) -> 0
B61: Total Proposed COM | E61: =+ROUND(E58,0) -> 0 | I61: =+ROUND(I58,0) -> 0 | L61: Total Proposed Target COM | O61: =+ROUND(O58,0) -> 0
B62: Total Proposed Fee | E62: =+ROUND(E59,0) -> 0 | I62: =+ROUND(I59,0) -> 0 | L62: Total Proposed Target Fee | O62: =+ROUND(O59,0) -> 0
B63: Total Proposed Price | E63: =SUM(E60:E62) -> 0 | I63: =SUM(I60:I62) -> 0 | L63: Total Proposed Target Price | O63: =SUM(O60:O62) -> 0
B66: =B52 -> CLINs 0005 & 1005: CPFF | C66: Proposed Prices (Labor, Material, and ODC) | G66: Proposed Prices (Labor, Material, and ODC) | M66: Proposed Prices (Labor, Material, and ODC)
E67: CLIN 0005: Basic Period (CPFF) | I67: CLIN 1005: Option Period 1 (CPFF) | O67: CLIN 2005: Option Period 2 (CPIF)
B68: Total Proposed Cost | E68: =+ROUND(E33+E47+E60,0) -> 0 | I68: =+ROUND(I33+I47+I60,0) -> 0 | L68: Total Proposed Target Cost | O68: =+ROUND(O33+O47+O60,0) -> 0
B69: Total Proposed COM | E69: =+ROUND(E34+E48+E61,0) -> 0 | I69: =+ROUND(I34+I48+I61,0) -> 0 | L69: Total Proposed Target COM | O69: =+ROUND(O34+O48+O61,0) -> 0
B70: Total Proposed Fee | E70: =+ROUND(E35+E49+E62,0) -> 0 | I70: =+ROUND(I35+I49+I62,0) -> 0 | L70: Total Proposed Target Fee | O70: =+ROUND(O35+O49+O62,0) -> 0
B71: Total Proposed Price | E71: =SUM(E68:E70) -> 0 | I71: =SUM(I68:I70) -> 0 | L71: Total Proposed Target Price | O71: =SUM(O68:O70) -> 0

Sheet Cost Format D_CLIN X006 SUB
B1: Notes:
B2: 1. The format of this worksheet may be revised as required to be consistent with the major subcontractor's approved accounting system.
B3: 2. The Prime Offer shall have the major subcontractor propose labor hours, material costs, and other direct costs in the yellow-highlighted cells below.
B4: 3. The Prime Offeror shall ensure the yellow-highlighted rate cells below are linked correctly from the relevant labor rate and add-on factors in the 'Cost Format B_SUB Rates' worksheet.
B5: 4. The proposed factors will be applied to the total proposed labor hours and material cost.
B6: 5. Definitions of the labor categories and add-on factors are included in the 'Cost Format B_SUB Rate Desc' worksheet.
B7: 6. Each CPFF/CPIF Cost, COM and Fee shall be rounded to the nearest whole dollar.
B10: CLINs 0006 & 1006: CPFF | C10: Proposed Prices (Labor) | G10: Proposed Prices (Labor)
C11: 0006: A-10 I-Level Fault Isolation Tester design and digital development - Basic Period | G11: 1006: A-10 I-Level Fault Isolation Tester EMD - Option Period 1
B12: Labor Category | C12: Hours | D12: Rates | E12: Cost | G12: Hours | H12: Rates | I12: Cost
B13: Labor Category 1: [INSERT LABOR CATEGORY NAME HERE] | D13: 0 | E13: =+C13*D13 -> 0 | H13: 0 | I13: =+G13*H13 -> 0
B14: Labor Category 2: [INSERT LABOR CATEGORY NAME HERE] | D14: 0 | E14: =+C14*D14 -> 0 | H14: 0 | I14: =+G14*H14 -> 0
B15: Labor Category 3: [INSERT LABOR CATEGORY NAME HERE] | D15: 0 | E15: =+C15*D15 -> 0 | H15: 0 | I15: =+G15*H15 -> 0
B16: Labor Category 4: [INSERT LABOR CATEGORY NAME HERE] | D16: 0 | E16: =+C16*D16 -> 0 | H16: 0 | I16: =+G16*H16 -> 0
B17: Labor Category 5: [INSERT LABOR CATEGORY NAME HERE] | D17: 0 | E17: =+C17*D17 -> 0 | H17: 0 | I17: =+G17*H17 -> 0
B18: Labor Category 6: [INSERT LABOR CATEGORY NAME HERE] | D18: 0 | E18: =+C18*D18 -> 0 | H18: 0 | I18: =+G18*H18 -> 0
B19: Labor Category 7: [INSERT LABOR CATEGORY NAME HERE] | D19: 0 | E19: =+C19*D19 -> 0 | H19: 0 | I19: =+G19*H19 -> 0
B20: Labor Category 8: [INSERT LABOR CATEGORY NAME HERE] | D20: 0 | E20: =+C20*D20 -> 0 | H20: 0 | I20: =+G20*H20 -> 0
B21: Labor Category 9: [INSERT LABOR CATEGORY NAME HERE] | D21: 0 | E21: =+C21*D21 -> 0 | H21: 0 | I21: =+G21*H21 -> 0
B22: Labor Category 10: [INSERT LABOR CATEGORY NAME HERE] | D22: 0 | E22: =+C22*D22 -> 0 | H22: 0 | I22: =+G22*H22 -> 0
B23: Labor Category 11: [INSERT LABOR CATEGORY NAME HERE] | D23: 0 | E23: =+C23*D23 -> 0 | H23: 0 | I23: =+G23*H23 -> 0
B24: Labor Category 12: [INSERT LABOR CATEGORY NAME HERE] | D24: 0 | E24: =+C24*D24 -> 0 | H24: 0 | I24: =+G24*H24 -> 0
B25: Labor Category 13: [INSERT LABOR CATEGORY NAME HERE] | D25: 0 | E25: =+C25*D25 -> 0 | H25: 0 | I25: =+G25*H25 -> 0
B26: TOTAL HOURS/COST | C26: =SUM(C13:C25) -> 0 | E26: =SUM(E13:E25) -> 0 | G26: =SUM(G13:G25) -> 0 | I26: =SUM(I13:I25) -> 0
C27: Base | D27: Rates | E27: Cost | G27: Base | H27: Rates | I27: Cost
B28: Proposed Add-on Factor (Fringe) | C28: =+E26 -> 0 | D28: 0 | E28: =+C28*D28 -> 0 | G28: =+I26 -> 0 | H28: 0 | I28: =+G28*H28 -> 0
B29: Proposed Add-on Factor (Overhead) | C29: =+C28+E28 -> 0 | D29: 0 | E29: =+C29*D29 -> 0 | G29: =+G28+I28 -> 0 | H29: 0 | I29: =+G29*H29 -> 0
B30: Proposed Add-on Factor (G&A) | C30: =+C29+E29 -> 0 | D30: 0 | E30: =+C30*D30 -> 0 | G30: =+G29+I29 -> 0 | H30: 0 | I30: =+G30*H30 -> 0
B31: Proposed Add-on Factor (COM) | C31: =+C28 -> 0 | D31: 0 | E31: =+C31*D31 -> 0 | G31: =+G28 -> 0 | H31: 0 | I31: =+G31*H31 -> 0
B32: Proposed Add-on Factor (Fee) | C32: =+C30+E30 -> 0 | D32: 0 | E32: =+C32*D32 -> 0 | G32: =+G30+I30 -> 0 | H32: 0 | I32: =+G32*H32 -> 0
B33: Total Proposed Cost | E33: =+SUM(E26,E28,E29,E30) -> 0 | I33: =+SUM(I26,I28,I29,I30) -> 0
B34: Total Proposed COM | E34: =+E31 -> 0 | I34: =+I31 -> 0
B35: Total Proposed Fee | E35: =+E32 -> 0 | I35: =+I32 -> 0
B36: Total Proposed Price | E36: =SUM(E33:E35) -> 0 | I36: =SUM(I33:I35) -> 0
B39: =B10 -> CLINs 0006 & 1006: CPFF | C39: Proposed Prices (Material) | G39: Proposed Prices (Material)
C40: =C11 -> 0006: A-10 I-Level Fault Isolation Tester design and digital development - Basic Period | G40: =G11 -> 1006: A-10 I-Level Fault Isolation Tester EMD - Option Period 1
C41: Base | D41: Rates | E41: Cost | G41: Base | H41: Rates | I41: Cost
B42: Total Proposed Material Cost
B43: Proposed Add-on Factor (Overhead) | C43: =+E42 -> 0 | D43: 0 | E43: =+C43*D43 -> 0 | G43: =+I42 -> 0 | H43: 0 | I43: =+G43*H43 -> 0
B44: Proposed Add-on Factor (G&A) | C44: =+C43+E43 -> 0 | D44: 0 | E44: =+C44*D44 -> 0 | G44: =+G43+I43 -> 0 | H44: 0 | I44: =+G44*H44 -> 0
B45: Proposed Add-on Factor (COM) | C45: =+C43 -> 0 | D45: 0 | E45: =+C45*D45 -> 0 | G45: =+G43 -> 0 | H45: 0 | I45: =+G45*H45 -> 0
B46: Proposed Add-on Factor (Fee) | C46: =+C44+E44 -> 0 | D46: 0 | E46: =+C46*D46 -> 0 | G46: =+G44+I44 -> 0 | H46: 0 | I46: =+G46*H46 -> 0
B47: Total Proposed Cost | E47: =+ROUND(SUM(E42:E44),0) -> 0 | I47: =+ROUND(SUM(I42:I44),0) -> 0
B48: Total Proposed COM | E48: =+ROUND(E45,0) -> 0 | I48: =+ROUND(I45,0) -> 0
B49: Total Proposed Fee | E49: =+ROUND(E46,0) -> 0 | I49: =+ROUND(I46,0) -> 0
B50: Total Proposed Price | E50: =SUM(E47:E49) -> 0 | I50: =SUM(I47:I49) -> 0
B52: =B39 -> CLINs 0006 & 1006: CPFF | C52: Proposed Prices (Other Direct Cost) | G52: Proposed Prices (Other Direct Cost)
C53: =C40 -> 0006: A-10 I-Level Fault Isolation Tester design and digital development - Basic Period | G53: =G40 -> 1006: A-10 I-Level Fault Isolation Tester EMD - Option Period 1
C54: Base | D54: Rates | E54: Cost | G54: Base | H54: Rates | I54: Cost
B55: Total Proposed Other Direct Cost (ODC)
B56: Proposed Add-on Factor (Overhead) | C56: =+E55 -> 0 | D56: 0 | E56: =+C56*D56 -> 0 | G56: =+I55 -> 0 | H56: 0 | I56: =+G56*H56 -> 0
B57: Proposed Add-on Factor (G&A) | C57: =+C56+E56 -> 0 | D57: 0 | E57: =+C57*D57 -> 0 | G57: =+G56+I56 -> 0 | H57: 0 | I57: =+G57*H57 -> 0
B58: Proposed Add-on Factor (COM) | C58: =+C56 -> 0 | D58: 0 | E58: =+C58*D58 -> 0 | G58: =+G56 -> 0 | H58: 0 | I58: =+G58*H58 -> 0
B59: Proposed Add-on Factor (Fee) | C59: =+C57+E57 -> 0 | D59: 0 | E59: =+C59*D59 -> 0 | G59: =+G57+I57 -> 0 | H59: 0 | I59: =+G59*H59 -> 0
